username,text,tweetcreatedts,hashtags,acctdesc,location,followers,totaltweets,usercreatedts,retweetcount
Jay_Rock_Gh,"GOAL!

Chelsea 3-0 Crystal Palace (Jorginho (pen), 78')",2020-10-03 13:08:59,[],Manchester United â¤ï¸,"Takoradi,Ghana.",2662,50020,2011-08-16 14:08:54,51
RichInWisdom,Crystal Palace only play like prime guardiola Barca against us and no one else I swear #mufc,2020-10-03 13:08:58,['mufc'],Down by the seaside.,"
",344,13990,2011-11-13 15:32:00,0
BardiTFC,Chelsea just turned up. Palace gave them 3 points.,2020-10-03 13:08:58,[],@theextrainch sidekick and part of @lovetheshirt. Become an xSub at https://t.co/UfqKZSVR8r for real football content,London,9322,23675,2009-09-29 16:36:32,1
PinchesAdam,"GOAL!

Chelsea 3-0 Crystal Palace (Jorginho (pen), 78')",2020-10-03 13:08:58,[],,,76,566,2018-12-27 09:45:35,51
TheSunFootball,GOAL! Jorginho makes no mistake. 3-0 https://t.co/cMN9Ockgh3,2020-10-03 13:08:58,[],"Breaking news, goals, live coverage and more. Give us a like on Facebook too: https://t.co/JcmSsjtOAm",,471292,253176,2009-02-12 16:21:06,1
brodarmalik,"3-0.

Crystal Palace is not for everyone.",2020-10-03 13:08:58,[],#CFC | #EndSARS,"Lagos, Nigeria",8375,45728,2018-10-04 20:06:43,1
jeff_mabz,"Today: Chelsea vs. Crystal Palace.

ğŸ‘‰ğŸ‘ˆ https://t.co/YosqMAWlAZ",2020-10-03 13:08:58,[],Train your mind to see the positive in every situation #MUFC,"Nairobi, Kenya",1256,14101,2013-06-19 15:43:53,5571
LionEagleFam,From the first half my prediction of a draw for Chelsea and a possible win was on. This half they have turned it up but palace have let themselves down #PremierLeague,2020-10-03 13:08:58,['PremierLeague'],"Official page of the LionEagle Youtubers. Sport predictions, film theories and reviews. Instagram: LionEagleFamily",,3,87,2020-09-23 02:25:47,0
lorfadi,"Goal Update

Chelsea 3-0 Crystal Palace 77' Jorgihno (Penalty) #CHECRY",2020-10-03 13:08:57,['CHECRY'],"LORFADI



#kot loyal",Rhonda,4918,23243,2019-09-02 14:26:42,2
LeftySalami,"Crystal Palace have had 0 shots on target. 

Silva and Zouma is the way forward man.",2020-10-03 13:08:57,[],MD. 5% Mesatone. I identify as a poorly drawn cat.,,972,130329,2012-04-15 17:40:42,171
DreyDarey_,"@5ve_k_ New English Chelsea  vs Crystal Palace 
#CHECRY
#Livestream 
https://t.co/FZsLMDCzBN",2020-10-03 13:08:57,"['CHECRY', 'Livestream']","https://t.co/8OYdZTUsfq ||event photografa ğŸ“¸ğŸ“·ğŸ¬,||music enthusiasts ğŸ¼ğŸ§ğŸ¤ğŸ™||cinematographer||ğŸ¤ğŸ¬ğŸ“¹ journalistğŸ“•âœ’ğŸ’¼ || Drey_photo_graphy IG","Lagos, Nigeria",3580,44811,2012-11-26 07:31:38,41
goal,"GOAL! Abraham wins a penalty and Jorginho puts it away!

Chelsea 3-0 Crystal Palace #CHECRY https://t.co/E0OOvPLQYP",2020-10-03 13:08:56,['CHECRY'],Sharing footballâ€™s passion â¤ï¸ news ğŸ‘‡ insight ğŸ¤“ + fun ğŸ˜‚ with the world ğŸŒâš½ï¸ğŸŒ,Everywhere,1680765,273096,2009-03-26 18:14:06,44
Realcoogi,"GOAL Chelsea 1-0 Crystal Palace (50 mins)

Ben Chilwell lashes the ball into the back of the net at the back post to give Chelsea the lead

#CHECRY",2020-10-03 13:08:56,[],"Simple||Industrious ||â—† I am a liver on creations, with Good intentionsâ—†KING LION SOUNDS verified â˜…â˜…â˜…â˜…","Nairobi, Kenya",12244,46106,2015-05-11 16:44:35,268
_phaya,"How Chelsea manage score 3

Crystal Palace dieer not not not",2020-10-03 13:08:56,[],"HSE Professional â›‘ï¸
||Old Trafford favourite||Adisadel college made me||ğŸ“Money is the trophyğŸ†||Rap music raised me ğŸ’ª","Sekondi Takoradi, Ghana",960,48854,2010-01-19 23:57:46,0
AdvertiserCPFC,"Goal. Jorginho makes it 3-0.

#CPFC 

https://t.co/tSSvUkOGqv",2020-10-03 13:08:56,['CPFC'],"All the latest Crystal Palace news, rumours and opinion from @Football_LDN #CPFC","London, England",11751,38761,2009-11-24 16:18:26,0
ikes_kobby,Letâ€™s see if crystal Palace will make my day with the early kick off. Today di3 green nkwaoooo âœ…âœ…âœ…âœ…âœ…,2020-10-03 13:08:55,[],"my handwriting is bad...I can't write a bio...I'm sorryğŸ²ğŸ²

HALA MADRID  ğŸ”¥ğŸ”¥ğŸ”¥ğŸ”¥ğŸ”¥ğŸ”¥ğŸ”¥ğŸ”¥ 



Sarknation ğŸ”¥ğŸ”¥ğŸ”¥ğŸ
ğŸ˜¤ğŸ˜¤ğŸ˜¤ğŸ˜¤ğŸ˜¤ğŸ˜¤
#OseikromTwitter","Kumasi, Ghana",8593,68126,2016-07-07 07:18:08,34
toolzdeyforyou,"Manchester United fans seeing Chelsea winning crystal palace ğŸ˜‚ğŸ˜‚
#CHECRY 

Chiwell | Havertz ZOUMA https://t.co/nVZYvsFDoX",2020-10-03 13:08:55,['CHECRY'],A babe called TooLzğŸ˜˜My favorite artist is Davido.Iâ€™m troublesome so bear with meğŸ˜‚I love Godâ¤ ManUğŸ˜Dm is open for ads/campaign/trend|iConğŸ˜‰,turn on my notification,72487,60726,2020-02-21 06:39:46,120
sportbible,"GOAL! Chelsea 3 - 0 Crystal Palace (Jorginho, pen)",2020-10-03 13:08:55,[],The Official SPORTbible. A Way Of Life. https://t.co/Oawhy0PHae,contact@sportbible.com,1390516,97933,2011-12-12 20:29:59,5
Independent,"GOAL! Jorginho makes it three from the spot!

#CFC 3-0 #CPFC 
https://t.co/Fu8omGpOyC https://t.co/WGIC9YyJsQ",2020-10-03 13:08:54,"['CFC', 'CPFC']","News, comment and features from The Independent. 

Try an ad-free experience with access to premium articles with our app: https://t.co/XGI8DtCR6B","London, England",3343002,1035190,2008-10-26 00:00:29,5
abbide,My favorite team lost to this spineless Crystal Palace at home. Sigh. ğŸ¤¦â€â™‚ğŸ¤¦â€â™‚,2020-10-03 13:08:54,[],Civil Engineer - Project manager - Political and Entertainment enthusiast - Father - Husband. Ambidextrous. #ManchesterUnited,Lagos,1845,13507,2010-09-27 18:56:28,0
Myka_veli,"Manchester United conceded 3 at home to this Crystal Palace team, Chelsea put 3 past the same Crystal Palace. There are levels to this game of football mehn",2020-10-03 13:08:53,[],Highly Evolved Homo Sapien | 2pac and Chelsea fan | Rest In Peace Chuchu â¤ï¸,In your head,5576,7995,2014-05-21 07:02:10,0
mudhaher6,"GOAL! Jorginho makes it three from the spot!

#CFC 3-0 #CPFC 
https://t.co/Fu8omGpOyC https://t.co/WGIC9YyJsQ",2020-10-03 13:08:53,"['CFC', 'CPFC']",Ù…Ø­Ø¨ Ù„Ù„Ø±ÙŠØ§Ø¶Ø©                          snap: mudhaher70.               instagram: mudhaher70.,"ØµØ­Ø§Ø±, Ø³Ù„Ø·Ù†Ø© Ø¹Ù…Ø§Ù†",227,153301,2016-10-03 14:17:26,5
Abubakar472,"Today: Chelsea vs. Crystal Palace.

ğŸ‘‰ğŸ‘ˆ https://t.co/YosqMAWlAZ",2020-10-03 13:08:53,[],I'm who I am|MUFC Fanâ£ï¸,"Osun, Nigeria",1327,8480,2017-04-29 14:25:07,5571
ShamelessSalah,Ben Chilwell has lost possession (5) more times than any other player on the pitch against Crystal Palace in the opening 10 minutes.,2020-10-03 13:08:52,[],LFC,"Melbourne, Australia",1858,25519,2015-02-17 12:20:34,587
SkySportsPL,"GOAL!

Chelsea 3-0 Crystal Palace (Jorginho (pen), 78')",2020-10-03 13:08:52,[],The official account for the Sky Sports Premier League channel,London,5226503,179137,2012-07-24 09:18:08,51
Rowland_Garos,"Kai Havertz in the first half against Crystal Palace:

â—‰ 100% aerial duels won
â—‰ =Most chances created (2)
â—‰ =Most tackles (2)
â—‰ =Most clearances (2)

Doing it all for the Blues. https://t.co/pgC6o96sPr",2020-10-03 13:08:51,[],"Believe
Trust
Obey
#COYG",Downtown,1729,176628,2012-07-27 11:39:34,1329
israelgain_6,"GOAL! Kurt Zouma scores from Ben Chilwell's cross!

Chelsea 2-0 Crystal Palace #CHECRY https://t.co/xLxRoQHfMn",2020-10-03 13:08:51,['CHECRY'],#onGODğŸ’«ğŸ™,Nigeria ğŸ‡³ğŸ‡¬,2830,5003,2020-07-05 10:07:08,66
zwenis_,"Crystal Palace 3- 1 Man United 
Chelsea 3- 0 Crystal Palace 

Man United fans are you watchingğŸ˜‚ğŸ˜‚",2020-10-03 13:08:50,[],CEO of paperboss_ghğŸ‡¬ğŸ‡­||VFX|| PhotoshopğŸ“¸|| ||Photography Blogger||Music loverğŸ¶|| August 2ğŸ‚ ||Stay AliveğŸ’« Barcelonaâ¤ï¸ğŸ’™ Please Sub My Youtube(LinkğŸ‘‡ğŸ¾),Turn Post Notification OnğŸ””,22129,34304,2018-04-22 07:59:10,14
Kaakour,"Kai Havertz in the first half against Crystal Palace:

â—‰ 100% aerial duels won
â—‰ =Most chances created (2)
â—‰ =Most tackles (2)
â—‰ =Most clearances (2)

Doing it all for the Blues. https://t.co/pgC6o96sPr",2020-10-03 13:08:50,[],,,3403,24190,2012-07-03 23:58:08,1329
daniel_frommars,wahala for who put crystal palace for WğŸ˜‚,2020-10-03 13:08:50,[],Versatile Identity.,mars,858,12429,2019-10-14 09:29:58,0
_AgeofReason,"Today: Chelsea vs. Crystal Palace.

ğŸ‘‰ğŸ‘ˆ https://t.co/YosqMAWlAZ",2020-10-03 13:08:49,[],Capitalist.Reserved.Kenyan. #MCFC,Nyahururu,9,2077,2020-07-13 08:03:15,5571
BarryArsenal7,"Palace offered nothing in this game, easy for Chelsea .",2020-10-03 13:08:49,[],The ğŸ…°ï¸rsenal,"London, England",2027,39397,2012-01-18 23:00:46,0
EZRAwaCHELSKI,"Jorginho converts the penalty to make it 3-0 for Chelsea against Crystal Palace.

3-0

77'",2020-10-03 13:08:49,[],Welcome to Ezra tweets,I'm global,12221,269349,2011-02-23 18:57:55,0
Eldeporte_off,"76' Jorginho pen
Chelsea 3:0 Crystal Palace
#CHECRY",2020-10-03 13:08:49,['CHECRY'],"Welcome to EL DEPORTE! We bring you latest football stories,transfers,polls,stats and live scores!! WE BLEED FOOTBALL!! âš½ï¸ADD US on WhatsApp with the linkâš½ï¸","Lagos, Nigeria",466,2820,2019-01-03 09:47:38,0
Grreezywill,Crystal Palace will score one.,2020-10-03 13:08:49,[],ğŸ˜ğŸ˜,,980,46442,2020-02-09 14:05:31,0
_dr90210,Crystal palace useless sha,2020-10-03 13:08:48,[],A Lion ğŸ¦ in this urban jungle Â¡,valhalla,33890,109911,2018-08-06 15:43:57,0
Citywide45,"PENALTY 
https://t.co/Kty8wkF5HO",2020-10-03 13:08:48,[],"The essence of the independent mind lies not in what it thinks, but in how it thinks. - Christopher Hitchens",#KTBFFH #UpTheChels,473,107401,2016-08-07 21:37:03,3
habeeb_adesina,"Kai Havertz in the first half against Crystal Palace:

â—‰ 100% aerial duels won
â—‰ =Most chances created (2)
â—‰ =Most tackles (2)
â—‰ =Most clearances (2)

Doing it all for the Blues. https://t.co/pgC6o96sPr",2020-10-03 13:08:48,[],Allah firstğŸ¤²ğŸ’«|StudentğŸ“š|AccountantğŸ“ğŸ˜Š|Chelsea fanğŸ’™|TACHAğŸ˜â¤ï¸â¤ï¸__|DAVIDOğŸ¦ğŸ‘‘â¤ï¸_|CR7 ğŸğŸ‘‘_|TitanğŸ”±ğŸ”±.,"Ogun, Nigeria",387,57788,2016-03-25 18:56:14,1329
Aswanthg98,@UTDTrey Winning at home against Crystal Palace might not be for everyone,2020-10-03 13:08:47,[],,"Madras, OR",114,161,2015-10-10 15:30:24,0
tweetnewscom,"[LIVE: 2-0] Chelsea Crystal Palace LIVE: streaming, score, commentary
  ..
live link: https://t.co/iiYx6avraP    

#CPFC | #CHECRY  !",2020-10-03 13:08:47,"['CPFC', 'CHECRY']",#Crypto https://t.co/pQ3PmLYzbK,USA,90,476,2015-04-29 12:51:41,0
Abhi_ggmu,And we were humiliated by this Crystal Palace team. Lmao,2020-10-03 13:08:47,[],Man Utd till I die. Indian. Jack Daniel's. Views are of my own.,World ,1203,22518,2009-11-18 11:01:08,0
Arc_Abdoul_,"Manchester United fans seeing Chelsea winning crystal palace ğŸ˜‚ğŸ˜‚
#CHECRY 

Chiwell | Havertz ZOUMA https://t.co/nVZYvsFDoX",2020-10-03 13:08:46,['CHECRY'],"RT â‰  Endorsement |ğŸ¡Graduate Architect 
ğŸŒ†ğŸ’»3D Designs
#HalaMadrid
#Ex_Balewite '19
#TeamIslam BackUp Account @GhostArchitect",Arewa,23128,59868,2013-08-02 19:33:17,120
IndyFootball,"GOAL! Jorginho makes it three from the spot!

#CFC 3-0 #CPFC 
https://t.co/Fu8omGpOyC https://t.co/WGIC9YyJsQ",2020-10-03 13:08:46,"['CFC', 'CPFC']","Football news, comment and features. Facebook: https://t.co/XolVsnfDGz Instagram: https://t.co/9rU9kYKeIP",United Kingdom,99318,146569,2012-03-14 10:44:23,5
Mazi_paska,Shey na this Crystal Palace dey give Man Utd problems.,2020-10-03 13:08:46,[],"Laptop repair and maintenance, Laptop sales, phone and laptop accessories. 08080588820 old account @iam_paska",Awka,254,1622,2020-07-14 13:35:05,0
Abraham30046078,"Chelsea - Crystal Palace 3:0

More info: https://t.co/soVDyrLqcE https://t.co/9w60lpolSh",2020-10-03 13:08:46,[],"Honesty is my first name. Pls stay safe. Keep social distancing,  thank u.",Lagos,906,12103,2020-01-11 14:03:15,0
TRUCTHA47642393,"72: Second Palace sub. 

â¬…ï¸ McArthur 
â¡ï¸ Riedewald

ğŸ”µ 2-0 ğŸ¦… 

#CPFC | #CHECRY https://t.co/1xa91t6w8E",2020-10-03 13:08:46,"['CPFC', 'CHECRY']","CAN GIUOC, LONG AN, VIET NAM",,24,331,2020-08-20 02:44:00,31
CuriosidadesEU2,"GOL DO CHELSEA! JORGINHO!

CHELSEA 3-0 CRYSTAL PALACE!",2020-10-03 13:08:45,[],"@Curiosidades_PL, @CuriosidadesBRL e @CuriosidadePlus. Tudo sobre futebol europeu. Contato: https://t.co/SLnvCdNlge",,59469,36530,2017-03-01 23:55:59,11
aliyouzbashi,Chelsea 3-0 Crystal Palace #ChelseağŸ’™,2020-10-03 13:08:45,['Chelsea'],Fc BayernMunich â™¥ | Ø¹Ø¨Ø¯Ø§Ù„Ù„Ù‡ Ø§Ù„Ù†Ø§Ø¨ÙˆØ¯Ø© Ø§Ù„Ø±Ø¦ÙŠØ³ Ø§Ù„Ø°Ù‡Ø¨ÙŠ ÙÙŠ ØªØ§Ø±ÙŠØ® Ø§Ù„Ù†Ø§Ø¯ÙŠ Ø§Ù„Ø§Ù‡Ù„ÙŠ 93:18 â¤ï¸,"Kuwait , Ø§Ù„Ù…Ù†ØµÙˆØ±ÙŠØ©",671,63575,2011-01-22 13:17:54,0
afful_jatuk,"Kai Havertz in the first half against Crystal Palace:

â—‰ 100% aerial duels won
â—‰ =Most chances created (2)
â—‰ =Most tackles (2)
â—‰ =Most clearances (2)

Doing it all for the Blues. https://t.co/pgC6o96sPr",2020-10-03 13:08:44,[],"Loves basketball,music and writing",Ghana,254,7691,2018-06-17 15:59:06,1329
Holmesdale,3-0 Chelsea - Palace just not at the races today ğŸ™,2020-10-03 13:08:43,[],"https://t.co/mhqXtR01Xi is the Crystal Palace fans' source of news, views and features. iOS app available in the app store NOW! https://t.co/CrShjykpqb",South London,13700,58038,2009-02-24 19:02:11,0
ShrimpTshingy,crystal palace ğŸ˜‚ğŸ’”,2020-10-03 13:08:43,[],IG: lydiebyart_ | filmmaker.,biscuit town.,11307,181104,2015-06-03 14:00:00,0
MrCufresaid,"Now Chelsea easily took a lead against Crystal Palace.

 I feel doubtful when it comes to United performance in the past against the similar team. How could easily De Gea been beatenğŸ˜",2020-10-03 13:08:43,[],My tweets doesnâ€™t affects your life. Be cool,"Sabah, Malaysia",784,123184,2010-01-11 23:29:31,0
Tsharz,My team can never lose to Crystal Palace ğŸ¤­,2020-10-03 13:08:42,[],â¤ï¸,"Nairobi, Kenya",28289,228364,2011-11-04 07:16:10,1
Timelin80356108,"GOL DO CHELSEA! JORGINHO!

CHELSEA 3-0 CRYSTAL PALACE!",2020-10-03 13:08:42,[],,,34,4696,2020-08-13 02:54:34,11
Liam241283,"Chelsea's centre-backs have had more of the ball than anyone else but have made no effort to advance and help to drag Palace's block out of position. Just lots of slow sideways passes. Tomori and Rudiger are both quite good at this IMHO. They don't point enough though, obviously.",2020-10-03 13:08:42,[],,,219,17822,2009-04-22 10:26:55,57
FutJogo,"GOL DO CHELSEA! JORGINHO!

CHELSEA 3-0 CRYSTAL PALACE!",2020-10-03 13:08:42,[],,Brasil,22089,3975,2016-12-05 07:39:27,11
Futebo_lizando,"GOL DO CHELSEA! JORGINHO!

CHELSEA 3-0 CRYSTAL PALACE!",2020-10-03 13:08:42,[],,,2030,5045,2020-05-22 18:47:10,11
Fut__Moderno,"GOL DO CHELSEA! JORGINHO!

CHELSEA 3-0 CRYSTAL PALACE!",2020-10-03 13:08:42,[],,,4018,4810,2017-03-06 17:57:43,11
CuriosidadesEUR,"GOL DO CHELSEA! JORGINHO!

CHELSEA 3-0 CRYSTAL PALACE!",2020-10-03 13:08:42,[],"@CuriosidadesPRL, @CuriosidadesBRL. NotÃ­cias, estatÃ­sticas,curiosidades e dados histÃ³ricos e atuais dos principais times da Europa.",Brasil,30072,30701,2016-12-02 16:37:09,11
CuriosidadesBL,"GOL DO CHELSEA! JORGINHO!

CHELSEA 3-0 CRYSTAL PALACE!",2020-10-03 13:08:42,[],"@Curiosidades_PL, @CuriosidadesEU e @CuriosidadePlus. Tudo sobre futebol brasileiro. Contato: https://t.co/SLnvCdNlge",Brasil,64752,51237,2017-01-15 00:57:32,11
Curiosidades_PL,"GOL DO CHELSEA! JORGINHO!

CHELSEA 3-0 CRYSTAL PALACE!",2020-10-03 13:08:42,[],"@CuriosidadesEU, @CuriosidadesBRL e @CuriosidadePlus. Tudo sobre futebol inglÃªs. Contato: https://t.co/SLnvCdNlge",Brasil,102032,93778,2014-07-22 23:52:13,11
CuriosidadePlus,"GOL DO CHELSEA! JORGINHO!

CHELSEA 3-0 CRYSTAL PALACE!",2020-10-03 13:08:42,[],"@CuriosidadesPRL @CuriosidadesEU e @CuriosidadesBRL. Futebol alternativo, games e imprensa esportiva Ã© aqui.",,41410,86904,2009-05-02 00:43:15,11
Football_LDN,"GOAL

Chelsea 3-0 Crystal Palace 
https://t.co/uQdAlvqZA1",2020-10-03 13:08:41,[],Comprehensive coverage of every football club in London.,"London, England",30375,70090,2016-12-02 09:29:19,0
MiskaP97,"GOAL!

Chelsea 1-0 Crystal Palace (Chilwell, 50')",2020-10-03 13:08:41,[],Metalhead & Hockey Freak ğŸ˜œ,Helsinki ,289,278809,2015-08-04 08:32:45,60
Shy_virgin1,"Manchester United fans seeing Chelsea winning crystal palace ğŸ˜‚ğŸ˜‚
#CHECRY 

Chiwell | Havertz ZOUMA https://t.co/nVZYvsFDoX",2020-10-03 13:08:41,['CHECRY'],"PR| |GOD FIRST|ğŸ™ |MEDIA PUBLICIST||  ||CONTENT CREATOR|| FOOTBALL LOVER|| ğŸ˜  

Tweet Addict ğŸ’‰ğŸ’ŠğŸŒ ","Abuja, Nigeria",12401,30289,2019-03-04 09:00:46,120
guardian_sport,Goal! Chelsea 3-0 Crystal Palace (Jorginho 77 pen)  https://t.co/t1FaiAT8h3,2020-10-03 13:08:38,[],"Sport news, comment, video and more from the @Guardian. For all your US sports needs, follow @GdnUSsports, and Australian sport @GdnAusSport. IG: guardian_sport",London,850585,216651,2009-06-11 14:55:04,1
Arhin_PKG,"Goal - CHILWELL
Assist - none

Chelsea 1-0 Crystal Palace (50 mins)

#FPL #CHECRY",2020-10-03 13:08:38,"['FPL', 'CHECRY']",On God!!!,,1247,13595,2017-08-16 09:08:35,191
jesscocoo,Damn beating Crystal palace ainâ€™t for everyone,2020-10-03 13:08:37,[],donâ€™t ask me shit you canâ€™t google ! @chelseafc,"Sheffield, England",1324,38985,2011-09-05 13:15:43,2
ManLikeK_,Good win for Chelsea. Palace dreadful,2020-10-03 13:08:37,[],#MakeArsenalGreatAgain,everywhere,240,161053,2019-08-13 21:29:35,0
ProfAduks,It's over for Crystal palace,2020-10-03 13:08:37,[],ğŸ˜,"Lagos, Nigeria",2044,55155,2018-02-07 23:56:03,0
BoatengDuodu,"Kai Havertz in the first half against Crystal Palace:

â—‰ 100% aerial duels won
â—‰ =Most chances created (2)
â—‰ =Most tackles (2)
â—‰ =Most clearances (2)

Doing it all for the Blues. https://t.co/pgC6o96sPr",2020-10-03 13:08:37,[],I luv soccer,"Takoradi, Ghana",727,22647,2013-09-01 12:33:43,1329
sami_m003,"Kai Havertz in the first half against Crystal Palace:

â—‰ 100% aerial duels won
â—‰ =Most chances created (2)
â—‰ =Most tackles (2)
â—‰ =Most clearances (2)

Doing it all for the Blues. https://t.co/pgC6o96sPr",2020-10-03 13:08:37,[],,"London, England",30,6110,2019-01-30 22:51:35,1329
FaceOfAT,"Manchester United fans seeing Chelsea winning crystal palace ğŸ˜‚ğŸ˜‚
#CHECRY 

Chiwell | Havertz ZOUMA https://t.co/nVZYvsFDoX",2020-10-03 13:08:37,['CHECRY'],The Face Of Arewa Twitter is An avenue to showcase beauty and our loving Northern culture. we Crown Prince's and Princess's every Friday. tag your TGIF!,Nearby,12803,18516,2011-05-30 09:21:47,120
PhilixLfc,@firstclassjerry Na crystal palace fit am. There's nothing at stake there,2020-10-03 13:08:36,[],"I Live, I Learn. #YNWA", Lagos,967,28312,2011-03-17 11:46:43,0
Tobiloba_O,"@MrNomso Bros, against Crystal Palace? Abeg.",2020-10-03 13:08:36,[],"All u need to know-- Christian, Web Designer, Social Media Specialist, PR, Content Creator, Business Intelligence, Romance Expert","Lagos, Nigeria",3942,225838,2009-10-21 17:29:41,0
Miss_umeh,Eya crystal palace ğŸ˜„,2020-10-03 13:08:35,[],"There's no another me! I'm unique Deu28:13 ğŸ™|Fashion designer|
ğŸ“§alexandraumeh@gmail.com Instagram: @thealexaclothing ğŸ‘— Twitter: @AlexaClothing","lagos, Nigeria",1689,67955,2011-09-30 13:06:28,0
No_Limits_Nick,I low key wanted the Crystal Palace upset. But I digress.,2020-10-03 13:08:35,[],DevOps Engineer l CEO of No Limits Integrations | Investor | ğŸ‡§ğŸ‡¸ ğŸ‡­ğŸ‡¹ | I donâ€™t give financial advice. I just talk to myself on here ya dig. #blacktechtwitter,Thereâ€™s no ceilings here,602,37854,2009-04-17 21:28:21,0
AtvanOnline,"Issa Wrap, Chelsea 3:0 Crystal Palace. 
#CHECRY",2020-10-03 13:08:34,['CHECRY'],BeehiveBreed| MeekMill | Online Rat| Wizkid |Yemi Alade |Scorpio| Melanin| Chelsea| Jesus Follower,,1516,13764,2013-06-09 21:37:52,1
PMatsekane,"GOAL: Chelsea 3 - 0 Crystal Palace. Jorginho converts from the spot-kick. #CHECRY 

âš½ğŸ”µğŸ¦…",2020-10-03 13:08:33,['CHECRY'],Its the little moments that matter; Chelsea FC; Take each moment as it comes,"Pretoria, South Africa",1544,109139,2015-01-09 10:18:13,6
OgheneElviis,Beating crystal palace isn't for everyone. United can relate,2020-10-03 13:08:32,[],"IG:elviis_____ ,Chelsea FCğŸ’™,CR7ğŸ¤´","Delta, Nigeria",696,18122,2012-07-30 00:48:17,4
RMC_cyril,"Chelsea vs Crystal Palace LIVE HD #CHECRY #Livestream 
*Check pinned tweet for new broadcast if this one goes off.

(Follow @5ve_k_ and turn notifications on for all matches) 

https://t.co/58xeCvOgQn",2020-10-03 13:08:32,"['CHECRY', 'Livestream']","God first | Humble | Outgoing | 
Love family | Love travelling | Chelsea | Libraâ– â– â–  ğŸ¤—","Polokwane, South Africa",3235,1755,2016-07-19 12:12:59,7
archievax,"Chelsea 0-0 Crystal Palace HT:

Shots: 7-2
Shots on target: 2-0
Possession: 73%-27%
Pass accuracy: 88%-67% https://t.co/q0VtleGXMV",2020-10-03 13:08:32,[],"ğŸ“©archievax@gmail.com
#Arsenal âš½ï¸



















Social Media Advicer to @sholzy23","Abuja, Nigeria",10702,137627,2012-09-30 08:54:08,17
Lamzee_,"Today: Chelsea vs. Crystal Palace.

ğŸ‘‰ğŸ‘ˆ https://t.co/YosqMAWlAZ",2020-10-03 13:08:30,[],"Just simple.

| Music person | | Sport person |                           #ManUtd fan  F1 fanğŸï¸",Nigeria,65,405,2020-07-06 16:52:48,5571
gretton123,Penno Chelsea. Palace have been poor. Apsolute poor. Gotta say thiago silva has been great. Jealous he went there. Class.,2020-10-03 13:08:29,[],follow me united fans!! ğŸ”´ #MUFC #REDS  - âš½ï¸  love playing football aswell. âš½ï¸ boxing too ğŸ¥Š,"skegness, lincolnshire.",3681,59491,2010-12-30 19:24:40,0
Gbabyz,Crystal palace just capitulated..smh,2020-10-03 13:08:28,[],God above everything | Code | Bicycles #TeamVeloNos | Music | Lupus Supporter | Take the Risk or Miss the Chance | Querer es poder,Somewhere in Africa.,1300,54658,2009-12-25 13:57:21,0
standardsport,"PENALTY TO CHELSEA!

#CHECRY

https://t.co/EEcYkvqQed",2020-10-03 13:08:27,['CHECRY'],"Latest sports news, views and live football from the @EveningStandard.","London, England",40853,173100,2009-05-06 08:49:47,0
T_yeboahh,Ben Chilwell has lost possession (5) more times than any other player on the pitch against Crystal Palace in the opening 10 minutes.,2020-10-03 13:08:26,[],Christ alone â€¢ Dios es el mejor â€¢ ğŸ¦…,,2734,19282,2018-04-29 23:16:30,587
ShakesNuel,So dx crystal palace team beat Man U 3-1.. Sigh ğŸ˜ª,2020-10-03 13:08:26,[],Open minded....,,128,128,2020-04-19 16:23:32,0
ojharbord,78' GOAL CHELSEA! Jorginho puts it into the bottom corner. 3-0 Chelsea. https://t.co/dbiesYR7LE,2020-10-03 13:08:26,[],Chelsea FC correspondent for https://t.co/wCsmKxTDuE. Views are my own. #cfc #chelsea,London,27983,18882,2009-11-11 17:16:18,1
CuriosidadesPRL,"GOL DO CHELSEA! JORGINHO!

CHELSEA 3-0 CRYSTAL PALACE!",2020-10-03 13:08:25,[],"Sigam: @CuriosidadesEU, @CuriosidadesBRL e @CuriosidadePlus. Tudo sobre futebol inglÃªs. 
Contato: https://t.co/SLnvCdNlge?amp=1",,23214,8027,2020-02-11 00:02:40,11
ahmad1245151,"Today: Chelsea vs. Crystal Palace.

ğŸ‘‰ğŸ‘ˆ https://t.co/YosqMAWlAZ",2020-10-03 13:08:25,[],"â€â€â€â€Ø¨Ø§Ù„Ù†Ù‡Ø§ÙŠØ©:
Ø¹ÙŠØ´ Ù„Ø±Ø§Ø­Ø© Ù†ÙØ³Ùƒ ÙˆØ£Ø¨ØªØ¹Ø¯ Ø¹Ù† ÙƒÙ„ Ø´ÙŠ ÙŠØ¤Ù„Ù… Ù‚Ù„Ø¨Ùƒ .",jah fan,119,5692,2016-01-15 20:03:40,5571
CarolRadull,"Goal Update

Chelsea 3-0 Crystal Palace 77' Jorgihno (Penalty) #CHECRY",2020-10-03 13:08:25,['CHECRY'],Sports #JazaStadi #CancerSoldier #COYG Ig @carolradull @RadullLive https://t.co/co8gM50qt8,"Nairobi, Kenya",721463,49760,2011-07-21 17:20:09,2
Goozemahnn,"GOAL! Kurt Zouma scores from Ben Chilwell's cross!

Chelsea 2-0 Crystal Palace #CHECRY https://t.co/xLxRoQHfMn",2020-10-03 13:08:25,['CHECRY'],,,90,2202,2020-05-20 22:10:17,66
WSport66,"PENALTY TO CHELSEA!!

[75']

Chelsea 2-0 C. Palace

#CHECRY",2020-10-03 13:08:23,['CHECRY'],"Football Analysis , News and Statisticsâš½Nba and EuroleagueğŸ€",,11,36,2020-10-03 00:03:29,0
whilson_douglas,"live stream  
Chelsea vs Crystal Palace

LIVE Broadcast links â†“
 
Live Broadcast HD â¡ï¸ https://t.co/gKBg1ChBLP
 
Live Broadcast 4K â¡ï¸ https://t.co/gKBg1ChBLP
 
Live Broadcast â¡ï¸ https://t.co/gKBg1ChBLP
   #CHECRY #CFC https://t.co/UJ5ilnyM1k",2020-10-03 13:08:23,[],,EARTH,1065,32308,2017-06-29 17:33:12,1
avfcsarco,@neve1874_ Chelsea to beat Palace,2020-10-03 13:08:23,[],ğŸ‡®ğŸ‡¹ ğŸ´ó §ó ¢ó ¥ó ®ó §ó ¿ Forever is a Very Long Time,,21,1022,2020-06-24 12:16:54,0
ajumobi_james,"GOAL Chelsea 2-0 Crystal Palace (66 mins)

Kurt Zouma heads in a cross to double the hosts' advantage

#CHECRY",2020-10-03 13:08:22,['CHECRY'],"NF, GGMU, Messi!",......,2235,39578,2019-07-16 10:03:36,220
omolara28430714,"ğŸ¤”WHO IS A BETTER  GOALKEEPERâ“

ğŸ”„SHARE for Mendy

â¤LIKE for KEPA

Bet live on CHELSEA ğŸ†šï¸ CRY.PALACE HereğŸ‘‡ https://t.co/NCzKrVNhMdğŸ’»ğŸ“²

Enjoy:
ğŸ‘‰HIGHEST Odds
ğŸ‘‰Fastest Weekend withdrawal 

#NaijaBet #1gamecutNaijaBetpays #100minimumwithdraw #CHECRY https://t.co/rJ9c1jpU4J",2020-10-03 13:08:22,[],Iâ€™m loving and grateful,Lagos,56,96,2020-03-25 20:12:32,1
Sjakktrekk,"ğŸ´ó §ó ¢ó ¥ó ®ó §ó ¿ Chelsea [3]-1 C Palace 77â€™
âœ… Chelsea Over 2 Goals 2.12
ğŸ‘ŠğŸ» Chelsea scores 3 - we win
â¤ï¸ Like if you took this bet too",2020-10-03 13:08:21,[],ğŸ’¼ Full Time Sports Bettor & Sports Betting Consultant ğŸ“ˆ Serious enquiries to business@sjakktrekk.com ğŸ“§ Betting on Norwegian Football with inside info ğŸ‡³ğŸ‡´,,38176,37110,2013-01-31 14:28:40,3
Dope_Template,"Crystal Palace are not good, Man Utd just made them look good.
In as much as man Utd needs players, they need a coach more.
Poch!
Coach not PE teacher!",2020-10-03 13:08:21,[],,Wanderlust,3046,74407,2010-03-26 11:50:26,0
sikmeyisevenn,"WATCH NOW: Chelsea v Crystal Palace - Premier League 

ğŸ”´ LIVE links Here â†“â†“â†“â†“

MobileğŸ“² https://t.co/68MuJL65LA

â©

 MobileğŸ“² https://t.co/68MuJL65LA

â© 

#CHECRY

Hits Like &amp; RetweetğŸ”‚

Chilwell
Werner https://t.co/tWYF52LGNA",2020-10-03 13:08:21,[],genÃ§ evli dul farketmez her tÃ¼rlÃ¼ kaÃ§amak yapmak isteyenler dm herÅŸey gizlilik iÃ§ersindeğŸ˜œ,UK,32,558,2019-05-12 18:10:03,9
emineklnc001,"WATCH NOW: Chelsea v Crystal Palace - Premier League 

ğŸ”´ LIVE links Here â†“â†“â†“â†“

MobileğŸ“² https://t.co/68MuJL65LA

â©

 MobileğŸ“² https://t.co/68MuJL65LA

â© 

#CHECRY

Hits Like &amp; RetweetğŸ”‚

Chilwell
Werner https://t.co/tWYF52LGNA",2020-10-03 13:08:21,[],Mustafa Kemal AtatÃ¼rk ğŸ‡¹ğŸ‡·,USA,121,600,2017-01-16 18:13:35,9
busratuncay96,"WATCH NOW: Chelsea v Crystal Palace - Premier League 

ğŸ”´ LIVE links Here â†“â†“â†“â†“

MobileğŸ“² https://t.co/68MuJL65LA

â©

 MobileğŸ“² https://t.co/68MuJL65LA

â© 

#CHECRY

Hits Like &amp; RetweetğŸ”‚

Chilwell
Werner https://t.co/tWYF52LGNA",2020-10-03 13:08:21,[],"Sinirli deÄŸilim Rizeliyimâ¤
GÃœ/SaglÄ±k YÃ¶netimi 
ikizler",,53,510,2015-09-10 08:40:14,9
Benibenisavcini,"WATCH NOW: Chelsea v Crystal Palace - Premier League 

ğŸ”´ LIVE links Here â†“â†“â†“â†“

MobileğŸ“² https://t.co/68MuJL65LA

â©

 MobileğŸ“² https://t.co/68MuJL65LA

â© 

#CHECRY

Hits Like &amp; RetweetğŸ”‚

Chilwell
Werner https://t.co/tWYF52LGNA",2020-10-03 13:08:21,[],HÄ°Ã‡BÄ°R ÅEYÄ°N ORTASI,,189,427,2016-11-17 16:57:05,9
__abeiku,"Time Werner vs Crystal Palace, movement, speed and deadly finishing. https://t.co/jasf7ZwAf0",2020-10-03 13:08:21,[],"itâ€™s all laughter over here, save the hate",Worldwide,980,65090,2012-12-08 18:42:13,43
zwenis_,"Crystal Palace 3- 1 Man United 
Chelsea 3- 0 Crystal Palace 

Man United fans are you watchingğŸ˜‚ğŸ˜‚",2020-10-03 13:08:19,[],CEO of paperboss_ghğŸ‡¬ğŸ‡­||VFX|| PhotoshopğŸ“¸|| ||Photography Blogger||Music loverğŸ¶|| August 2ğŸ‚ ||Stay AliveğŸ’« Barcelonaâ¤ï¸ğŸ’™ Please Sub My Youtube(LinkğŸ‘‡ğŸ¾),Turn Post Notification OnğŸ””,22129,34304,2018-04-22 07:59:10,14
CFCIntegral,"Chelsea Vs Crystal palace
[3-0]  77'

Jorginho converted from the Spot

#CHECRY
Follow me for more live commentaries",2020-10-03 13:08:19,['CHECRY'],"CFCğŸ’™. 
I post live commentaries from all Chelsea matches.

Now that you are here please press the follow button.",,1312,2164,2017-08-31 13:39:11,0
AimonNasir,"GOAL: Chelsea 2 - 0 Crystal Palace. Kurt Zouma doubles their lead. Great cross from Ben Chilwell! #CHECRY 

âš½ğŸ”µğŸ¦…",2020-10-03 13:08:19,['CHECRY'],Iâ€™m always where the sun donâ€™t shine,,271,68126,2012-09-15 02:48:08,10
ajumobi_james,"GOAL! Kurt Zouma scores from Ben Chilwell's cross!

Chelsea 2-0 Crystal Palace #CHECRY https://t.co/xLxRoQHfMn",2020-10-03 13:08:18,['CHECRY'],"NF, GGMU, Messi!",......,2235,39578,2019-07-16 10:03:36,66
romagut_,"Time Werner vs Crystal Palace, movement, speed and deadly finishing. https://t.co/jasf7ZwAf0",2020-10-03 13:08:17,[],Life e no eazy my brother,,573,24477,2014-07-13 22:16:15,43
FreeKickFootba2,"Nothing Suprise when Chelsea Win againts Palace , it suprise if Palace win againts Chelsea , Relax
#CHECRY",2020-10-03 13:08:17,['CHECRY'],All About Football âš½,"DKI Jakarta, Indonesia",1,26,2020-10-02 15:20:07,0
FFScout,"ï¸âš½ï¸ | GOAL - Jorginho
ğŸ…° | ASSIST - Tammy Abraham

ğŸ§¿ Chelsea 3-0 Crystal Palace ğŸ¦…

#FPL #FantasyPL #FFScout #GW4 #CHECRY",2020-10-03 13:08:16,"['FPL', 'FantasyPL', 'FFScout', 'GW4', 'CHECRY']","The original and industry-leading Fantasy Football Community.

#FPL tips, tools, advice, and more!

â¡ï¸ https://t.co/lIQ9gznngf",,167072,58385,2009-02-18 12:00:11,1
Deeva4dlord,"@YorubaBoy_ That's why they're Crystal palace, they turn up one day,flop d next",2020-10-03 13:08:16,[],CEO/Founder HHWD(totally dedicated to putting a smile on orphan's faces) #TwitterRadio (TR) .DM for business & promo. Manchester United FanğŸ‡®ğŸ‡²,Lagos,78115,332638,2011-01-09 21:34:46,0
finallybolu,Itâ€™s just crystal palace smh https://t.co/SZg4vgFqIH,2020-10-03 13:08:15,[],All things @manutd and Football related. â€¢ Donâ€™t take me too seriously.,"Ontario, Canada",2933,19996,2017-09-30 18:53:45,0
Football__Tweet,"GOAL: Chelsea 3 - 0 Crystal Palace. Jorginho converts from the spot-kick. #CHECRY 

âš½ğŸ”µğŸ¦…",2020-10-03 13:08:14,['CHECRY'],The home of football discussion. 18+.,team@thesocialsup.com,576309,97091,2012-01-12 20:31:01,6
_iDavie,Sokratis and Mustafi would transform Crystal Palace defense,2020-10-03 13:08:14,[],arsenal fc,,5415,89083,2013-03-06 05:19:55,0
Capt_Aikay,"Today: Chelsea vs. Crystal Palace.

ğŸ‘‰ğŸ‘ˆ https://t.co/YosqMAWlAZ",2020-10-03 13:08:13,[],"Nigerian Man, Almost Tall; Almost Dark; Almost Handsome.","Abuja, Nigeria",1254,263208,2012-02-25 07:29:58,5571
Dara_Ernal,Lampard helping Manchester United take revenge against Crystal Palace.. Love to see it ğŸ’ªğŸ’ª,2020-10-03 13:08:12,[],"iWrite âœğŸ½ | Soft Spot For Photography ğŸ“¸ | Manchester United âš½ | My avi is not me âœŒï¸| stephenomodara7@gmail.com
@ReekadoBanks | @rihanna | Icons  ğŸ’¡","Ibadan, Nigeria",23370,135311,2012-07-18 16:07:20,0
mrjakehumphrey,"75 minutes in. Wilf Zaha has had less touches than the Chelsea keeper. 

Itâ€™s not exciting stuff from Palace is it??",2020-10-03 13:08:12,[],High Performance Pod - https://t.co/JFm82tDqpt * BT Sport * Co-founder @wearewhispertv * @coraleyewear Investor * Enquiries hannah@jakehumphreyofficial.com,"Norwich, England",899271,35630,2009-05-18 08:23:52,8
Ergindeniz13,"WATCH NOW: Chelsea v Crystal Palace - Premier League 

ğŸ”´ LIVE links Here â†“â†“â†“â†“

MobileğŸ“² https://t.co/68MuJL65LA

â©

 MobileğŸ“² https://t.co/68MuJL65LA

â© 

#CHECRY

Hits Like &amp; RetweetğŸ”‚

Chilwell
Werner https://t.co/tWYF52LGNA",2020-10-03 13:08:11,['CHECRY'],FREE LINKS2,,2,7,2017-07-02 14:42:57,9
bonnmore,It went from bad to worse for Crystal Palace.,2020-10-03 13:08:10,[],,Palapye,847,18702,2014-06-06 21:26:45,0
trasfera,"Turning my sorrows into joy.
#CHECRY Chilwell Chelsea Palace https://t.co/gFF0mj9h1R",2020-10-03 13:08:10,['CHECRY'],Follow Back,,277,136,2020-09-09 12:14:58,0
TheSunFootball,PENALTY CHELSEA https://t.co/cMN9Ockgh3,2020-10-03 13:08:10,[],"Breaking news, goals, live coverage and more. Give us a like on Facebook too: https://t.co/JcmSsjtOAm",,471292,253176,2009-02-12 16:21:06,1
Mike_ThePundit,This Crystal Palace na gbef sef,2020-10-03 13:08:10,[],Broadcast Journalist | CEO @thevitalnewsng | Football Writer | Commentator | Sport Content Provider.,"Ogun, Nigeria",2076,5118,2020-01-08 13:44:02,0
talkSPORT,"GOAL!! Chelsea 3-0 Palace

âš½ï¸ Jorginho scores from the spot!

ğŸ“± App â†’ https://t.co/B20m65uOHq
ğŸ“» Listen â†’ https://t.co/VJgUHnqdM1 https://t.co/MA3xxF0PPM",2020-10-03 13:08:09,[],"News, videos and more from the worldâ€™s biggest sports radio station â†’ https://t.co/9LO85paK30",United Kingdom,1425015,159527,2008-07-06 13:22:54,2
Odoro_Harold,Crystal Palace ran rings around us two weeks ago but now playing like prime relegation fodder. I hate the Epl sometimes ğŸ˜,2020-10-03 13:08:07,[],"Only the dead have seen the end of war. 
Let's keep peace and give our children a favorable environment to grow.",Nairobi,344,2558,2016-05-17 09:43:28,0
emtee,He lost possession more times than any other player on the pitch in the opening 10 minutes. https://t.co/GLruZlEWtT,2020-10-03 13:08:07,[],#emailmarketing #emaildesign coder - @wokingfc and @chelseafc supporter. Left handed.,"Woking, South East",3049,14194,2009-03-03 11:25:03,54
Football_LDN,"PENALTY TO CHELSEA 
https://t.co/uQdAlvqZA1",2020-10-03 13:08:07,[],Comprehensive coverage of every football club in London.,"London, England",30375,70090,2016-12-02 09:29:19,0
KagisoMaseka,Palace is literally gifting this game to Chelsea ğŸ’€,2020-10-03 13:08:05,[],"Petrolhead || FC Barcelona â¤ï¸ğŸ’™âš½ï¸ || I am not my tweets and retweets, sometimes","Pretoria, South Africa",1324,26902,2020-03-28 09:53:54,0
Jaba_99,Cyah believe a dah Crystal Palace side yah give mi team 3-1.,2020-10-03 13:08:04,[],"Kaboom Nation 
#MUFC
Team #Lebron #LukaDoncic
When di music hit you, you feel no pain",,1978,63994,2011-03-07 18:37:19,1
welve88,"76' PENALTY CHELSEA! Mitchell trips Abraham in the box. Werner wants to take, but Jorginho takes it off him. #cfc https://t.co/dbiesYR7LE",2020-10-03 13:08:03,['cfc'],Ã…sen. Fotballnerd. RBK og Chelsea. Trener for Aasguten J8!,"Levanger, Norge",1752,100374,2012-01-15 14:41:05,2
moderate_ustaz,"Manchester United fans seeing Chelsea winning crystal palace ğŸ˜‚ğŸ˜‚
#CHECRY 

Chiwell | Havertz ZOUMA https://t.co/nVZYvsFDoX",2020-10-03 13:08:03,['CHECRY'],"Moderate as the name implies
ğŸ˜. Simple man ğŸ˜Š, Golden â¤ï¸. Student of knowledge ğŸ˜, Always forgive ğŸ’¯ Social ustazğŸ™…  katsinağŸ¡, Taba kidi taba karatuğŸ“•ğŸ•ºğŸ’ƒ",Jannah ,46834,66098,2015-05-16 10:55:20,120
ab_djigal,"Kai Havertz in the first half against Crystal Palace:

â—‰ 100% aerial duels won
â—‰ =Most chances created (2)
â—‰ =Most tackles (2)
â—‰ =Most clearances (2)

Doing it all for the Blues. https://t.co/pgC6o96sPr",2020-10-03 13:08:01,[],@ChelseaFC â€¢ ğŸ’™ â€¢ @didierdrogba â€¢ #LLJ ğŸ•Š,"Dakar, Senegal ğŸ“",2687,29849,2016-08-01 13:43:45,1329
Chelsea_FL,"PENALTY 
https://t.co/Kty8wkF5HO",2020-10-03 13:08:00,[],"All the latest Chelsea news, rumours and opinion from @Football_LDN. Like us on Facebook for more: https://t.co/aSkwJ8Y3Eb","London, England",147296,108089,2010-02-04 15:54:16,3
mudhaher6,"PENALTY TO CHELSEA!

Mitchell brings down Abraham
#CHECRY 
https://t.co/Fu8omGpOyC",2020-10-03 13:08:00,['CHECRY'],Ù…Ø­Ø¨ Ù„Ù„Ø±ÙŠØ§Ø¶Ø©                          snap: mudhaher70.               instagram: mudhaher70.,"ØµØ­Ø§Ø±, Ø³Ù„Ø·Ù†Ø© Ø¹Ù…Ø§Ù†",227,153301,2016-10-03 14:17:26,1
Alakijajr,"GOAL Chelsea 2-0 Crystal Palace (66 mins)

Kurt Zouma heads in a cross to double the hosts' advantage

#CHECRY",2020-10-03 13:07:59,['CHECRY'],Alakija_jr ğŸ‘‘ ||Aspiring EngineerğŸš—||Redeemer's University ||Saxo ğŸ·phonist,My fathers house ,1327,7812,2019-06-27 09:14:13,220
joachinkkp,"GOAL Chelsea 2-0 Crystal Palace (66 mins)

Kurt Zouma heads in a cross to double the hosts' advantage

#CHECRY",2020-10-03 13:07:57,['CHECRY'],"Congolese,Entrepreneur,Farmer,Free thinker,Political junkie, Menswear Enthusiast.","Washington, DC",185,11212,2016-12-07 11:00:02,220
arslanw68,"Time Werner vs Crystal Palace, movement, speed and deadly finishing. https://t.co/jasf7ZwAf0",2020-10-03 13:07:55,[],,"London, England",103,75407,2017-09-02 22:00:24,43
kartikahari13,OFFICIAL: Christian Pulisic is IN tomorrow's squad to face Crystal Palace. https://t.co/Btiigl3cHX,2020-10-03 13:07:55,[],Jat's and Say's AlhamdulillahğŸŒ¼,"Yogyakarta, Indonesia",1439,313808,2011-03-10 11:00:51,281
Vtvdmm,Ben Chilwell has lost possession (5) more times than any other player on the pitch against Crystal Palace in the opening 10 minutes.,2020-10-03 13:07:55,[],C.E.O V.A.N GROUP//What else do you want to know about me?,"Lagos, Nigeria",348,53203,2010-03-18 17:43:47,587
Osei_dawson,"Crystal Palace spoil the agenda
Penalty Chelsea",2020-10-03 13:07:53,[],"ğŸŒŸGOD-FEARING||Talented Drummer||@Lakers||@LFC|| Asante Kotoko Fanatic||My opinions thoughğŸ˜‰#ynwa IG:gideon.dawson||
SC:gideondawson||
FB:Gideon Dawson||","Accra, Ghana",211,20812,2017-04-06 07:07:29,0
CollinPearce,"GOAL Chelsea 2-0 Crystal Palace (66 mins)

Kurt Zouma heads in a cross to double the hosts' advantage

#CHECRY",2020-10-03 13:07:53,['CHECRY'],Private Wealth Advisor | Campbell University alumnus | Trust | Serious record collector | Sneakerhead,"Raleigh, NC",261,32670,2011-05-26 12:31:52,220
theboogeyma_n,Crystal Palace are acc shit and they won us ğŸ¤£ğŸ¤£ğŸ¤£,2020-10-03 13:07:50,[],|Ambivert | Music| Man United| Medical Student| Christian| Good Vibes| Just Keepin' It A Hunnid Till I Meet The Man Up In The Sky ğŸ¦ \\ I Retweet Everything //,Right Behind YouğŸš¶,1003,10050,2019-08-29 01:06:33,0
CFCIntegral,"Chelsea Vs Crystal palace
[2-0]  76'

Penalty for Chelsea

#CHECRY
Follow me for more live commentaries",2020-10-03 13:07:50,['CHECRY'],"CFCğŸ’™. 
I post live commentaries from all Chelsea matches.

Now that you are here please press the follow button.",,1312,2164,2017-08-31 13:39:11,0
Choosejes,"ğŸ†•Live ğŸ†“stream ğŸ“¶ğŸŒ

Chelsea vs Crystal Palace | Second half â±ï¸

 Live LinksğŸ‘‡

MobileğŸ“± LINKğŸ¥ &gt;&gt; https://t.co/mIQurV1rPK

Computer ğŸ–¥ï¸LINK ğŸ¥&gt;&gt; https://t.co/mIQurV1rPK

Live HD LINK ğŸ¥&gt;&gt; https://t.co/mIQurV1rPK

#ï¸âƒ£ #CHECRY

Hits Like &amp; Retweet https://t.co/eVlnUfPvQt",2020-10-03 13:07:49,['CHECRY'],"Sou Uma Choose JÃ©ssica dona do FC pro @pelurestart , a @_pelumeuar { @oisoujes } eu te amo muito pequena (L) Dona : @raissleite",Rio de Janeiro,173,25,2012-04-06 21:58:56,0
kartikahari13,Ziyech and Pulisic not 100% fit yet so this is our lineup for the weekend against Crystal Palace https://t.co/aEaP7HSfMc,2020-10-03 13:07:47,[],Jat's and Say's AlhamdulillahğŸŒ¼,"Yogyakarta, Indonesia",1439,313808,2011-03-10 11:00:51,79
_TheAyi,"Crystal Palace have had 0 shots on target. 

Silva and Zouma is the way forward man.",2020-10-03 13:07:46,[],"I can neither confirm nor deny anything I tweet. Except promotions & Dm. Political scientists, Computer Engineer & a Python Programmer. Man city fcâœŒ","Toronto, Ontario",1183,95010,2010-02-25 13:16:28,171
IfyesDM,Ben Chilwell has lost possession (5) more times than any other player on the pitch against Crystal Palace in the opening 10 minutes.,2020-10-03 13:07:46,[],"Footballâš½,Music ğŸ¶ğŸ¶
El Ãºltimo nacidoğŸ’¥ğŸ’¥",Cruise,1179,93591,2017-10-07 09:00:45,587
LebzVon,"Manchester United fans seeing Chelsea winning crystal palace ğŸ˜‚ğŸ˜‚
#CHECRY 

Chiwell | Havertz ZOUMA https://t.co/nVZYvsFDoX",2020-10-03 13:07:46,['CHECRY'],"C.E.O of ME INDUSTRIES â˜ğŸ¾
ğŸ”¥LEBZ VON a.k.a TANK a.k.a WAR DADDY a.k.a LEBOGANG MOGODI...ğŸ”¥","Johannesburg, South Africa",252,4427,2012-01-01 10:38:50,120
IndyFootball,"PENALTY TO CHELSEA!

Mitchell brings down Abraham
#CHECRY 
https://t.co/Fu8omGpOyC",2020-10-03 13:07:46,['CHECRY'],"Football news, comment and features. Facebook: https://t.co/XolVsnfDGz Instagram: https://t.co/9rU9kYKeIP",United Kingdom,99318,146569,2012-03-14 10:44:23,1
Oludolapo_O,"Kai Havertz in the first half against Crystal Palace:

â—‰ 100% aerial duels won
â—‰ =Most chances created (2)
â—‰ =Most tackles (2)
â—‰ =Most clearances (2)

Doing it all for the Blues. https://t.co/pgC6o96sPr",2020-10-03 13:07:45,[],"Prince. 
Businessman.
Life Enjoyer. 
Real Estate and Property Development Expert.
RTs are NOT endorsements!",Everywhere.,838,81288,2009-12-26 04:07:40,1329
seanwilsin,Chillwell causing trouble in the Crystal Palace box. We love to see this. Keep them crosses comingğŸ‘ğŸ½,2020-10-03 13:07:44,[],"Mighty hand in a penâœ Spoken languages: humour, sarcasm & real shii. #Sapiosexual #Metrosexual #Lumbersexual #AdrenalineJunkie #Southpaw",Alternate universe,3089,4926,2019-03-26 16:38:40,0
biggy_orobo,Ole na crystal palace wey beat us Chelsea dey fuck anyhow soooo..na God go punish you,2020-10-03 13:07:44,[],courageous #RevolutionIsAMust #MUFC .Data scientist. #Freedom. fan of @superwozzy_wg. #straight. RT is not endorsement,"Akure, Nigeria",5968,32585,2019-01-30 00:46:02,0
Uniraopelumi,"GOAL!

A goal and now an assist for Ben Chilwell ğŸ‘Œ

Kurt Zouma heads it in and Lampard looks thrilled.

Chelsea 2-0 Crystal Palace

Listen: @5liveSport 
Follow: https://t.co/dvVR0n0ax5

#bbcfootball #CHECRY https://t.co/X057WV9kdB",2020-10-03 13:07:43,[],Christain. Medical Doctor  #CFC,"Lagos, Nigeria",847,68477,2011-04-28 17:37:10,23
laditwits,Crystal Palace so useless,2020-10-03 13:07:43,[],#AFC!!,Friendzone,767,37935,2013-05-11 01:17:24,0
quinn_utd,Crystal Palace playing like so bad I canâ€™t believe these guys won us,2020-10-03 13:07:43,[],19 ğŸ‡²ğŸ‡ºğŸ‡¨ğŸ‡¦â€¢ ğ–™ğ–Šğ–ˆğ– ğ–Œğ–ğ–—ğ–‘â€¢ ğ•²ğ–—ğ–Šğ–Šğ–“ğ–œğ–”ğ–”ğ–‰ ğŸ’• @manutd â£ @manutdwomen ğŸ¦‹ ğ–’ğ–Šğ–’ğ–Š ğ––ğ–šğ–Šğ–Šğ–“ ğŸ‘¸,"Latulipe-et-Gaboury, QuÃ©bec",1822,6692,2020-06-14 16:38:38,0
Augustmhern_,Letâ€™s see if crystal Palace will make my day with the early kick off. Today di3 green nkwaoooo âœ…âœ…âœ…âœ…âœ…,2020-10-03 13:07:42,[],M U S I C ğŸ§C R E A T O R,"Koforidua, Ghana",15361,388986,2017-12-11 22:17:51,34
LFCZA,Crystal Palace have shit the bed in the second half.,2020-10-03 13:07:41,[],Get your very own https://t.co/OBUM8cYfFZ email address! Email lfcza@liverpool.co.za,Home of the original Spion Kop,37229,112103,2010-07-12 18:11:57,1
__maryamaa___,"Manchester United fans seeing Chelsea winning crystal palace ğŸ˜‚ğŸ˜‚
#CHECRY 

Chiwell | Havertz ZOUMA https://t.co/nVZYvsFDoX",2020-10-03 13:07:41,['CHECRY'],"Ex JP ğŸ›«
#Futurenurse
#Abusite","Kaduna, Nigeria",24038,22534,2020-02-17 15:20:17,120
musa14aliyu1,"GOAL Chelsea 2-0 Crystal Palace (66 mins)

Kurt Zouma heads in a cross to double the hosts' advantage

#CHECRY",2020-10-03 13:07:40,['CHECRY'],Accountant.. Muslim(sufee).. Liverpool LFC,,390,19970,2016-03-10 19:58:41,220
Madridi76623382,"Kai Havertz in the first half against Crystal Palace:

â—‰ 100% aerial duels won
â—‰ =Most chances created (2)
â—‰ =Most tackles (2)
â—‰ =Most clearances (2)

Doing it all for the Blues. https://t.co/pgC6o96sPr",2020-10-03 13:07:39,[],"CR7's loyan fanğŸ‡µğŸ‡¹,MadridistağŸ‘‘,BLACKPINKğŸ–¤â¤",Myanmar,18,679,2018-04-10 18:27:50,1329
ojharbord,"76' PENALTY CHELSEA! Mitchell trips Abraham in the box. Werner wants to take, but Jorginho takes it off him. #cfc https://t.co/dbiesYR7LE",2020-10-03 13:07:39,['cfc'],Chelsea FC correspondent for https://t.co/wCsmKxTDuE. Views are my own. #cfc #chelsea,London,27983,18882,2009-11-11 17:16:18,2
josh7stocks,Chelsea more than deserved winners. Palace already played their cup final away at Old Trafford!,2020-10-03 13:07:36,[],Too many opinions on too many things and tweet too many times. 23. Manchester United. Labour. Iâ€™m funnier than what I come across on twitter..,"North West, England",2094,27717,2011-12-25 10:39:57,0
simon__44,"Chelsea 2-0 Crystal Palace

Kurt Zouma meets a Chilwell cross to put Chelsea two goals up. What a game Chilwell is having! A goal and an assist. Can Palace make a come back?

#HomeOfSports #EPLKuSanyuka #CHECRY https://t.co/KOHcL61QTB",2020-10-03 13:07:36,[],"proudly Ugandan,  hard working, game changer,loving once loved",kajjansi,79,7566,2017-01-11 07:45:26,3
antokorie,"Crystal Palace have shofo 
ğŸ¤¦ğŸ¾â€â™‚ï¸
FPL in the gutter already",2020-10-03 13:07:36,[],Infotech | Football | Cars | Love | Music | Computer Village | Humor | German (affidavit) in no particular order.,"Ikeja, Nigeria",177,12192,2019-12-13 22:26:01,0
chief_pekin,So na this crystal palace team beat Utd baim â˜¹ï¸,2020-10-03 13:07:36,[],Ø§Ù„Ù„Ù‡ Ø£ÙƒØ¨Ø±,Sierra Leone,442,388,2019-06-22 13:47:58,0
vonani_,Crystal palace throwing the game.,2020-10-03 13:07:36,[],civil engineering | ğŸ“© regalggroup@outlook.com,Bungeni,52,1541,2019-10-30 15:01:59,0
momohizham,"Goal - ZOUMA
Assist - CHILWELL

Chelsea 2-0 Crystal Palace (66 mins)

#FPL #CHECRY",2020-10-03 13:07:35,"['FPL', 'CHECRY']",oh well...oh well...,Sagittarius,176,33593,2012-08-31 14:26:45,253
MiideOba,No shot on target for Crystal Palace that means the Chelsea defense are working #CFC #CHECRY,2020-10-03 13:07:33,"['CFC', 'CHECRY']","MiideOba ğŸ’ª ğŸ‡³ğŸ‡¬
Sept_King ğŸ‘‘ 19/09
WhatsApp 08159760086",Somewhere in West Africa ,542,1438,2020-07-08 21:49:49,0
AdvertiserCPFC,"Penalty for Chelsea.

#CPFC 

https://t.co/tSSvUkOGqv",2020-10-03 13:07:33,['CPFC'],"All the latest Crystal Palace news, rumours and opinion from @Football_LDN #CPFC","London, England",11751,38761,2009-11-24 16:18:26,0
__SARKI__,"Manchester United fans seeing Chelsea winning crystal palace ğŸ˜‚ğŸ˜‚
#CHECRY 

Chiwell | Havertz ZOUMA https://t.co/nVZYvsFDoX",2020-10-03 13:07:31,['CHECRY'],"we come from the jungle we hot but we humbleâ™£ we rise up by lifting othersğŸ™ŒğŸ¼ let's smile and change the world  ğŸ˜® 
           DM only for promotion & ads",new world,16510,85572,2020-01-19 23:55:28,120
FinnWonderland,"72: Second Palace sub. 

â¬…ï¸ McArthur 
â¡ï¸ Riedewald

ğŸ”µ 2-0 ğŸ¦… 

#CPFC | #CHECRY https://t.co/1xa91t6w8E",2020-10-03 13:07:31,"['CPFC', 'CHECRY']","Official Twitter account I'm Ã¡ril.. Even If Things are painful and tough, people should appreciate what it means to be Alive at All. #BeYourself",,2,380785,2017-07-14 06:12:32,31
richarejace,"Chelsea vs Crystal Palace, liveğŸ”¥

Kindly retweet and follow @LiveMatch_HD_ to enjoy more ğŸ‘ŒğŸ»

#CHECRY .

https://t.co/XzTGX8blyn",2020-10-03 13:07:30,['CHECRY'],"creates animation contents on ads, promos and business.",,74,378,2020-10-02 11:19:26,5
standardsport,"It should be 3-0!

Hudson-Odoi has the better of Mitchell but Abraham cannot head his cross on target.

#CHECRY

https://t.co/EEcYkvqQed",2020-10-03 13:07:30,['CHECRY'],"Latest sports news, views and live football from the @EveningStandard.","London, England",40853,173100,2009-05-06 08:49:47,0
leomar00222,"Today: Chelsea vs. Crystal Palace.

ğŸ‘‰ğŸ‘ˆ https://t.co/YosqMAWlAZ",2020-10-03 13:07:29,[],Ù„Øµ ÙŠØ±ÙƒØ¶ Ø­ÙˆÙ„ Ø§Ù„ØºØ§Ø¨Ø© .. !,#MÃ©s que Un club,849,37281,2015-01-29 22:28:46,5571
inno_inn0,"Today: Chelsea vs. Crystal Palace.

ğŸ‘‰ğŸ‘ˆ https://t.co/YosqMAWlAZ",2020-10-03 13:07:27,[],GodğŸ™ğŸ¿ | Family ğŸ‘¨â€ğŸ‘¨â€ğŸ‘¦ | Work ğŸ‘¨ğŸ¿â€ğŸ”¬ | Gym ğŸ‹ğŸ¿â€â™€ï¸,ğŸ‡ºğŸ‡¬ Uganda,1006,127326,2018-05-31 12:20:11,5571
IndoSport,"Premier League latest:

Chelsea 2 (Chilwell, 50, Zouma, 66) Crystal Palace 0",2020-10-03 13:07:26,[],"#Breaking Sports news feed from @Independent_ie, Ireland's biggest news website.
Get in touch: Sport@independent.ie 
Submit using #IndoSubmit",Ireland,74011,193491,2011-03-01 22:10:02,0
OptusSport,"That is a monstrous header from Kurt Zouma!

And Ben Chilwell has an assist!

LIVE | https://t.co/EkwrKazksU

#PL #CHECRY #OptusSport https://t.co/qu9CSTI2oS",2020-10-03 13:07:25,"['PL', 'CHECRY', 'OptusSport']","Home of Premier League; UEFA Champions League, Europa League, Nations League, Euro 2020; FA Women's Super League; J.League; FIFA Club World Cup; K-League",Australia,44541,55621,2015-11-11 01:45:47,2
Prixxus,Crystal Palace exposed.,2020-10-03 13:07:25,[],"Gunnersaurus, forever in our hearts!

Eat. Pray. Love. Be intentional. |
Father to a beautiful boy.
Husband to an amazing woman.","Home, Home, Home again. ",872,44468,2012-12-08 21:08:41,0
Feu_bender,"Kai Havertz in the first half against Crystal Palace:

â—‰ 100% aerial duels won
â—‰ =Most chances created (2)
â—‰ =Most tackles (2)
â—‰ =Most clearances (2)

Doing it all for the Blues. https://t.co/pgC6o96sPr",2020-10-03 13:07:24,[],nothing to say here,Anywhere ğŸ¤·ğŸ¾â€â™‚ï¸,3808,241841,2010-09-04 16:31:08,1329
nbstv,"Chelsea 2-0 Crystal Palace

Kurt Zouma meets a Chilwell cross to put Chelsea two goals up. What a game Chilwell is having! A goal and an assist. Can Palace make a come back?

#HomeOfSports #EPLKuSanyuka #CHECRY https://t.co/KOHcL61QTB",2020-10-03 13:07:23,"['HomeOfSports', 'EPLKuSanyuka', 'CHECRY']","Always consistent, Always informative, Always entertaining. Make us part of your everyday life. Follow every story via #NBSUpdates #UgVotes2021",Uganda,654047,248786,2011-07-29 13:50:11,3
RealIgbominaBoy,"Kai Havertz in the first half against Crystal Palace:

â—‰ 100% aerial duels won
â—‰ =Most chances created (2)
â—‰ =Most tackles (2)
â—‰ =Most clearances (2)

Doing it all for the Blues. https://t.co/pgC6o96sPr",2020-10-03 13:07:23,[],ğŸ¦‚#Scorpio | Surveyor | Cinematographer | Motion Graphics Artist | Videographer | Editor | Colorist | Adobe Premiere Addict | @ChelseaFC | @glintfootball,Mushin,1436,4290,2019-05-13 08:28:53,1329
rutie__xx,"Manchester United fans seeing Chelsea winning crystal palace ğŸ˜‚ğŸ˜‚
#CHECRY 

Chiwell | Havertz ZOUMA https://t.co/nVZYvsFDoX",2020-10-03 13:07:21,['CHECRY'],Brand Influencer | Digital Marketer | Promoter | Chief Enjoyment Officer | Aspiring to live life to the fullest | DM FOR BUSINESS ONLY,"Federal Capital Territory, Nigeria",18844,41730,2019-02-06 08:26:25,120
opeyemip_,"Kai Havertz in the first half against Crystal Palace:

â—‰ 100% aerial duels won
â—‰ =Most chances created (2)
â—‰ =Most tackles (2)
â—‰ =Most clearances (2)

Doing it all for the Blues. https://t.co/pgC6o96sPr",2020-10-03 13:07:21,[],âœŒğŸ¾,"Lagos, Nigeria",555,36475,2010-11-10 13:28:42,1329
Famous_Anfield,"Manchester United fans seeing Chelsea winning crystal palace ğŸ˜‚ğŸ˜‚
#CHECRY 

Chiwell | Havertz ZOUMA https://t.co/nVZYvsFDoX",2020-10-03 13:07:21,['CHECRY'],C H A R I S M A T I C â€¢ A L P H A â€¢ M A L E,Northern Nigeria.,20194,92101,2015-12-17 15:18:01,120
SeiduSemira,"GOAL Chelsea 2-0 Crystal Palace (66 mins)

Kurt Zouma heads in a cross to double the hosts' advantage

#CHECRY",2020-10-03 13:07:20,['CHECRY'],"A little different.    


Arsenal FC fan",Kano Nigeria/Cebu Philippines,958,23084,2011-12-27 10:21:20,220
Alakijajr,"Goal - ZOUMA
Assist - CHILWELL

Chelsea 2-0 Crystal Palace (66 mins)

#FPL #CHECRY",2020-10-03 13:07:19,"['FPL', 'CHECRY']",Alakija_jr ğŸ‘‘ ||Aspiring EngineerğŸš—||Redeemer's University ||Saxo ğŸ·phonist,My fathers house ,1327,7812,2019-06-27 09:14:13,253
Jnrbobby2,"Kai Havertz in the first half against Crystal Palace:

â—‰ 100% aerial duels won
â—‰ =Most chances created (2)
â—‰ =Most tackles (2)
â—‰ =Most clearances (2)

Doing it all for the Blues. https://t.co/pgC6o96sPr",2020-10-03 13:07:19,[],"Let Love Lead! Positivity.
Love God, football, boxing, music, nudes, blah blah.","Accra, GhğŸ‡¬ğŸ‡­",244,16369,2019-12-12 12:16:24,1329
Ak_circle,"Chelsea defend I have on my FPL is sitting comfortably and breathing fine on the bench. 

Please Crystal palace score one goal and ruin their clean sheet. https://t.co/JBPwZe7ack",2020-10-03 13:07:18,[],"Car Dealer.
Traveller âœˆï¸ Book Lover ğŸ“– Obsessed with pizzağŸ•... â¤ï¸ Lover not a fighter spreading âœŒï¸all over the ğŸŒ.",Earth,1258,13044,2019-01-22 07:01:27,8
ChristopherMUFC,"PENALTY ğŸ˜‚ğŸ˜‚ğŸ˜‚ğŸ˜‚ğŸ˜‚ğŸ˜‚

Crystal palace is sooooo useless",2020-10-03 13:07:18,[],"Manchester United ğŸ”´ğŸ”´ â€¢ Son â€¢  Brother â€¢ Friend â€¢  Web Developer â€¢ Graphic Designer..

Jack needs to stop suspending my accounts â˜ ï¸",Beside Old Trafford,150,1433,2020-10-02 11:51:08,0
lorfadi,"72: Second Palace sub. 

â¬…ï¸ McArthur 
â¡ï¸ Riedewald

ğŸ”µ 2-0 ğŸ¦… 

#CPFC | #CHECRY https://t.co/1xa91t6w8E",2020-10-03 13:07:18,"['CPFC', 'CHECRY']","LORFADI



#kot loyal",Rhonda,4918,23243,2019-09-02 14:26:42,31
hungrytijaniro,"Time Werner vs Crystal Palace, movement, speed and deadly finishing. https://t.co/jasf7ZwAf0",2020-10-03 13:07:17,[],,,442,33910,2019-10-02 12:40:33,43
Mahmud_wazeeree,"Manchester United fans seeing Chelsea winning crystal palace ğŸ˜‚ğŸ˜‚
#CHECRY 

Chiwell | Havertz ZOUMA https://t.co/nVZYvsFDoX",2020-10-03 13:07:17,['CHECRY'],"Alhamdulillah, so much to be thankful forâ€¢ @FCBarcelonaâš½ï¸â€¢ #MessiğŸ",Kaduna,14372,97409,2013-09-12 18:48:55,120
Manuel_Bradley,Abeg wetin Chelsea vs Crystal Palace play las las?,2020-10-03 13:07:16,[],"Software Engineer| Counselor| Businessman| Bodybuilder| Believer| Dog Lover| WWE fan| Liverpool FC fan| IG: @bradnuel
For booking: bradnuel@gmail.com",Nigeria,7250,24900,2011-08-08 09:26:10,0
viccctorrrrrr_,so these are the crystal palace that beat united in old trafford . SADDD,2020-10-03 13:07:15,[],LOVER OF SPORTS âš½ï¸ ğŸˆ ğŸ€ ğŸ¾. FC BARCELONA ğŸ”´. MESSI ğŸ. i live for my agenda against man united ğŸ‘ğŸ½,"Lagos, Nigeria",908,22473,2014-08-08 19:32:01,0
TweetChelseaUK,"Tammy Abraham brought down inside the Palace box, Chelsea penalty.",2020-10-03 13:07:15,[],"News, Info, Stats, Quotes, Pictures & Rumours about #ChelseaFC | DM for all Enquiries.",London,42755,47602,2013-09-30 21:03:59,0
chrisgalton,@Ben_Paul Itâ€™s only Palace. Weâ€™ll beat Chelsea,2020-10-03 13:07:14,[],"Snr Consultant, Managed Services @Sprinklr; Married, 3 boys, beer fan. Views here are mine only. ğŸ‡¨ğŸ‡¦ğŸ´ó §ó ¢ó ¥ó ®ó §ó ¿ #lufc #mot #alaw ğŸ’™ğŸ¤ğŸ’›","Nova Scotia, Canada",1643,10315,2011-09-11 10:15:49,0
Capt_Aliyu,"Manchester United fans seeing Chelsea winning crystal palace ğŸ˜‚ğŸ˜‚
#CHECRY 

Chiwell | Havertz ZOUMA https://t.co/nVZYvsFDoX",2020-10-03 13:07:14,['CHECRY'],Bosses mindsetğŸ˜||DM for advert/promotion||,"Abeokuta, Nigeria",53753,134378,2017-11-14 16:19:06,120
Chelsea_FL,"So close to 3 from Tammy Abraham #CHECRY 
https://t.co/Kty8wkF5HO",2020-10-03 13:07:13,['CHECRY'],"All the latest Chelsea news, rumours and opinion from @Football_LDN. Like us on Facebook for more: https://t.co/aSkwJ8Y3Eb","London, England",147296,108089,2010-02-04 15:54:16,1
Kene_n02,Ben Chilwell has lost possession (5) more times than any other player on the pitch against Crystal Palace in the opening 10 minutes.,2020-10-03 13:07:10,[],Old Account got suspended|@ManUtdğŸ”´âš«|Good VibesğŸ’¯|Football & Life Enthusiast|Relatable Tweets (Some ain't mine)|Humanity is my religionâ¤,Nigeria,1451,30338,2020-03-31 19:17:36,587
Jnrbobby2,"Havertz finds Werner in space on the left just inside the Palace box after a brilliant run, but the German's subsequent strike is straight at Guaita, who collects comfortably. 

ğŸ”µ 0-0 ğŸ¦… [20'] #CHECRY",2020-10-03 13:07:10,[],"Let Love Lead! Positivity.
Love God, football, boxing, music, nudes, blah blah.","Accra, GhğŸ‡¬ğŸ‡­",244,16369,2019-12-12 12:16:24,185
5ve_k_,"Chelsea vs Crystal Palace LIVE HD #CHECRY #Livestream 
*Check pinned tweet for new broadcast if this one goes off.

(Follow @5ve_k_ and turn notifications on for all matches) 

https://t.co/58xeCvOgQn",2020-10-03 13:07:08,"['CHECRY', 'Livestream']","Follow and Keep it  @5ve_k_ for live updates. 
No room for rumors.",,1208,397,2015-12-15 16:57:28,7
El_desokey,"Goal - ZOUMA
Assist - CHILWELL

Chelsea 2-0 Crystal Palace (66 mins)

#FPL #CHECRY",2020-10-03 13:07:06,"['FPL', 'CHECRY']",Ù…ØµØ±ÙŠ Ø³ÙˆØ±ÙŠ ÙˆØ§Ù„Ø£Ø±Ø¶ ÙÙ„Ø³Ø·ÙŠÙ†ÙŠØ© â¤ï¸,"Cairo, Egypt",3179,108961,2011-07-20 03:16:43,253
thefiyin_,"I donâ€™t know if itâ€™s just me, or maybe itâ€™s because we playing palace, we definitely look good at back, @BenChilwell just needs to work on his positioning at the back, but overall itâ€™s has been amazing today. #CHECRY #PremierLeague https://t.co/hxZj2jBcue",2020-10-03 13:07:02,[],Believer In Jesus. Music Director of Crested Worship @CrestedWorship. Founder of Grace Clan @graceclan_,"Lagos, Nigeria",1326,9112,2017-01-20 07:38:08,1
Iamtobiloba__,"Crystal Palace have had 0 shots on target. 

Silva and Zouma is the way forward man.",2020-10-03 13:07:02,[],"Future JeFf || posty || hazardeden || CR7|| Trae Young|| Memphis
|| OluwaBurna ||Student||
Ifb",OutSide âœ¨,3228,24096,2020-04-19 16:40:08,171
YvanMouba,Crystal Palace boss Hodgson says Zaha will STAY even if there is a late bid https://t.co/fRjfzD9lWL,2020-10-03 13:07:02,[],"ğŸ‡¨ğŸ‡µğŸ“Lyon .               
Arsenal FC x PSG x FCB â¤ï¸âš½ï¸                                         https://t.co/oN5Jm1lMZ6",France,481,16055,2012-04-27 10:24:27,20
1realVeo,"Today: Chelsea vs. Crystal Palace.

ğŸ‘‰ğŸ‘ˆ https://t.co/YosqMAWlAZ",2020-10-03 13:07:02,[],"#EverythingByGraceğŸ’« #OaksofRighteousnessğŸŒ´
 @fcbarcelona @adisadelcollege ğŸğŸğŸğŸ",dm me,3695,86395,2011-10-09 19:26:06,5571
wolexz_tricks,"Manchester United fans seeing Chelsea winning crystal palace ğŸ˜‚ğŸ˜‚
#CHECRY 

Chiwell | Havertz ZOUMA https://t.co/nVZYvsFDoX",2020-10-03 13:06:59,['CHECRY'],Unilag HR Â¦ Graphics designer Â¦ Tech talk Â¦ Importer Â¦ Always Online Â¦ Full-time Black diamond. DM for promotion!,"Lagos, Nigeria",20285,98761,2011-06-26 05:43:49,120
FinnWonderland,"GOAL!

Chelsea 1-0 Crystal Palace (Chilwell, 50')",2020-10-03 13:06:59,[],"Official Twitter account I'm Ã¡ril.. Even If Things are painful and tough, people should appreciate what it means to be Alive at All. #BeYourself",,2,380785,2017-07-14 06:12:32,60
_VictorAlf,"Today: Chelsea vs. Crystal Palace.

ğŸ‘‰ğŸ‘ˆ https://t.co/YosqMAWlAZ",2020-10-03 13:06:59,[],,Ciudad AutÃ³noma de Buenos Aire,835,39707,2011-07-25 15:03:20,5571
PhanieShoky,"Manchester United fans seeing Chelsea winning crystal palace ğŸ˜‚ğŸ˜‚
#CHECRY 

Chiwell | Havertz ZOUMA https://t.co/nVZYvsFDoX",2020-10-03 13:06:59,['CHECRY'],No Bad Blood ğŸ©¸ No Love Lost â¤ï¸#Construction | Wizkid FC | | Chelsea FC | #OAU ğŸ‘·ğŸ‘·,"Lagos, Nigeria",803,1821,2016-09-28 01:29:49,120
Futball_Pundit,"75'

Chelsea 2-0 Crystal Palace 

#PremierLeague #PL #CHECRY",2020-10-03 13:06:57,"['PremierLeague', 'PL', 'CHECRY']",Occasionally venting but always posting about football. Follow me on Instagram on the same handle and join our football community on Facebook.,,533,8102,2018-02-10 05:42:26,0
Emperorgozmok,"GOAL Chelsea 2-0 Crystal Palace (66 mins)

Kurt Zouma heads in a cross to double the hosts' advantage

#CHECRY",2020-10-03 13:06:57,['CHECRY'],"NutritionistğŸ‘©â€ğŸ³||
UNN LionğŸ¦||
GGMUğŸ–@ManUtd||
#iCONğŸ¥‚",9jağŸ¤¡,1718,7344,2016-08-17 15:38:45,220
phil_sakyi,Ben Chilwell has lost possession (5) more times than any other player on the pitch against Crystal Palace in the opening 10 minutes.,2020-10-03 13:06:55,[],Thereâ€™s Nothing Wrong Being A Beginner. No One Starts At The Top...ğŸ¦…,"Kasoa, Ghana",712,18028,2016-01-07 10:59:25,587
Alextelles27_,"Manchester United fans seeing Chelsea winning crystal palace ğŸ˜‚ğŸ˜‚
#CHECRY 

Chiwell | Havertz ZOUMA https://t.co/nVZYvsFDoX",2020-10-03 13:06:54,['CHECRY'],"The parody account of alex telles, football player for @ManUtd & ğŸ‡§ğŸ‡·","England, United Kingdom",22646,31644,2020-02-24 12:55:43,120
sarathvj09,"Today: Chelsea vs. Crystal Palace.

ğŸ‘‰ğŸ‘ˆ https://t.co/YosqMAWlAZ",2020-10-03 13:06:54,[],@actorvijay anna thambi ğŸ”¥|ğŸ…µğŸ†ğŸ…´ğŸ…°ğŸ…ºğŸ†ˆ ğŸ…µğŸ…¾ğŸ†‡|  |ğŸ…¹ğŸ†„ğŸ†‚ğŸ†ƒğŸ…¸ğŸ…½ fever ğŸµ|    |SHâˆªÂ®âˆª ÅâˆªÎ½ ğŸ| |wÎ¾Â¡Â®Ã lÂ¡mÂ¡tless||Crazy about England ğŸ˜˜|,Tamilnadu,346,4729,2014-03-22 05:25:23,5571
FinnWonderland,"Can Chelsea break Crystal Palace down? Will the visitors create chances of their own?

Follow the second half here âœï¸",2020-10-03 13:06:53,[],"Official Twitter account I'm Ã¡ril.. Even If Things are painful and tough, people should appreciate what it means to be Alive at All. #BeYourself",,2,380785,2017-07-14 06:12:32,18
Seankleann,"Manchester United fans seeing Chelsea winning crystal palace ğŸ˜‚ğŸ˜‚
#CHECRY 

Chiwell | Havertz ZOUMA https://t.co/nVZYvsFDoX",2020-10-03 13:06:50,['CHECRY'],"Former account @Kleanboy Hacked, Expert in (Import & Export) Logistics. Avoid me if you donâ€™t want the TRUTH. @arsenal â¤ï¸",Emirate Stadium London/Lagos,21387,123347,2016-08-15 15:29:13,120
habeeb_adesina,"Crystal Palace have had 0 shots on target. 

Silva and Zouma is the way forward man.",2020-10-03 13:06:47,[],Allah firstğŸ¤²ğŸ’«|StudentğŸ“š|AccountantğŸ“ğŸ˜Š|Chelsea fanğŸ’™|TACHAğŸ˜â¤ï¸â¤ï¸__|DAVIDOğŸ¦ğŸ‘‘â¤ï¸_|CR7 ğŸğŸ‘‘_|TitanğŸ”±ğŸ”±.,"Ogun, Nigeria",387,57788,2016-03-25 18:56:14,171
LM_0200,"Today: Chelsea vs. Crystal Palace.

ğŸ‘‰ğŸ‘ˆ https://t.co/YosqMAWlAZ",2020-10-03 13:06:46,[],Fuck Steve Bruce #BruceOut,,127,11392,2020-01-02 23:30:55,5571
wojtek1017,"Goal - ZOUMA
Assist - CHILWELL

Chelsea 2-0 Crystal Palace (66 mins)

#FPL #CHECRY",2020-10-03 13:06:45,"['FPL', 'CHECRY']",,,7,391,2015-08-24 10:49:40,253
nkathaQ,"GOAL!

A goal and now an assist for Ben Chilwell ğŸ‘Œ

Kurt Zouma heads it in and Lampard looks thrilled.

Chelsea 2-0 Crystal Palace

Listen: @5liveSport 
Follow: https://t.co/dvVR0n0ax5

#bbcfootball #CHECRY https://t.co/X057WV9kdB",2020-10-03 13:06:41,[],Military| Omnivorous Reader | Ulinzi Stars FC | MUFC |,KENYA,724,14473,2012-04-10 17:07:33,23
ManLikeK_,Palace have been really bad. Chelsea have strangled them all game tbf,2020-10-03 13:06:40,[],#MakeArsenalGreatAgain,everywhere,240,161053,2019-08-13 21:29:35,0
mexverh,"Manchester United fans seeing Chelsea winning crystal palace ğŸ˜‚ğŸ˜‚
#CHECRY 

Chiwell | Havertz ZOUMA https://t.co/nVZYvsFDoX",2020-10-03 13:06:39,['CHECRY'],"Proudly Muslim ğŸ°|
Team United ğŸ”´âš½|
MemesğŸ’¯ğŸ˜|
Ronaldo FC ğŸ’¯|",Nigeria,14611,35932,2014-10-22 19:14:38,120
moreworld75,"Live STREAM ğŸ“¡online ğŸ“¡

Chelsea vs Crystal Palace | Second half â±ï¸

ğŸ¤© â™£

ğŸ“ºWatch NOW

Link1âƒ£ https://t.co/n7FRfG1SdS

Link2âƒ£ https://t.co/n7FRfG1SdS

Link3âƒ£ https://t.co/n7FRfG1SdS

Link4âƒ£ https://t.co/n7FRfG1SdS

#ï¸âƒ£ #CHECRY

Hits Like &amp; Retweet https://t.co/mb78l0Z0FY",2020-10-03 13:06:39,['CHECRY'],,Medellin Colombia.,3,48,2013-03-28 22:14:46,0
S_M_R___,"Around 18m of the fee for Brewster is guaranteed, with the rest (5.5m) reliant in performance-related add-ons. Brewster held talks with Crystal Palace but was enthused about moving to Sheffield United after a passionate pitch from Chris Wilder. [athletic]

#twitterblades #sufc https://t.co/46UCSAnYZE",2020-10-03 13:06:39,[],,,2851,113201,2010-01-06 21:25:35,27
alamin_ghost,"Manchester United fans seeing Chelsea winning crystal palace ğŸ˜‚ğŸ˜‚
#CHECRY 

Chiwell | Havertz ZOUMA https://t.co/nVZYvsFDoX",2020-10-03 13:06:38,['CHECRY'],"future pilot ğŸ‘©â€âœˆï¸ I sell/buy cars, cars facilitator ğŸš˜ sarkin motağŸ¥‚ G&J CROC CITY CARS","ABUJA, KADUNA. ",76920,41425,2019-10-09 22:08:32,120
AaronCuddeback,"#CHECRY https://t.co/1UObzfo0P5 
Premier League
LIVE*
Chelsea vs Crystal Palace

#Chelsea
2
#Crystal Palace FC
0
Live - 72 

#bigdata
#AI #IoT #Tech #USA #Linux #UK #javaScript #FinTech #dataScience #dataScientist #WomwnWhoCode #Rstats #FemTech #100daysOfCode #FRENCHtech #France",2020-10-03 13:06:37,"['CHECRY', 'Chelsea', 'Crystal']","Midlife Coder
Father, Entrepreneur, CEO, Software Developer,  Fearless.
owner: https://t.co/YVyJ5hCGlt","Sacramento, CA",14760,978097,2011-06-04 14:57:55,28
Big__Stepper,"GOAL Chelsea 2-0 Crystal Palace (66 mins)

Kurt Zouma heads in a cross to double the hosts' advantage

#CHECRY",2020-10-03 13:06:37,['CHECRY'],ğŸ¸ğŸ¸,,236,40247,2020-06-02 22:39:50,220
Maureen_eze39,"Chelsea defend I have on my FPL is sitting comfortably and breathing fine on the bench. 

Please Crystal palace score one goal and ruin their clean sheet. https://t.co/JBPwZe7ack",2020-10-03 13:06:37,[],I'm a fun loving girl who is friendly and likes socialising with people #EmmyRichie FCâœ¨,Nigeria,6721,224996,2018-11-09 18:35:37,8
Iamtobiloba__,"FC Groningen - Ajax
Barcelona - Sevilla
Levante - Real Madrid
Manchester United - Tottenham
Crystal Palace - Chelsea
Leeds United - Manchester City
Aston Villa - Liverpool
Lazio - Inter
Juventus - Napoli
Bayern Munich - Hertha BSC

Last weekend before the International break. ğŸ”¥",2020-10-03 13:06:36,[],"Future JeFf || posty || hazardeden || CR7|| Trae Young|| Memphis
|| OluwaBurna ||Student||
Ifb",OutSide âœ¨,3228,24096,2020-04-19 16:40:08,153
itz_srk,"Manchester United fans seeing Chelsea winning crystal palace ğŸ˜‚ğŸ˜‚
#CHECRY 

Chiwell | Havertz ZOUMA https://t.co/nVZYvsFDoX",2020-10-03 13:06:35,['CHECRY'],Founder/Ceo: x_collectionğŸ“Œ WhatsApp/ğŸ“ 09092639873 Click to visit our IG pageğŸ‘‡ğŸ¼,"x\c store, kaduna",17542,53033,2011-07-12 20:25:18,120
_Shamsiya,"GOAL Chelsea 2-0 Crystal Palace (66 mins)

Kurt Zouma heads in a cross to double the hosts' advantage

#CHECRY",2020-10-03 13:06:35,['CHECRY'],"One day,.....I'll be no more.ğŸ’”....


#abusite....


COYG!ğŸ”´",INAPINEAPPLEUNDERTHESEA,1113,9178,2018-06-23 15:01:33,220
ojharbord,"76' Brilliant from Hudson-Odoi as he beats his man and crosses to Abraham. The striker should score, but heads wide. #cfc https://t.co/dbiesYR7LE",2020-10-03 13:06:34,['cfc'],Chelsea FC correspondent for https://t.co/wCsmKxTDuE. Views are my own. #cfc #chelsea,London,27983,18882,2009-11-11 17:16:18,1
4pfawaz,@Czooba @Vintage_Utd Couldnâ€™t even beat Crystal Palace ğŸ˜,2020-10-03 13:06:34,[],,Hidden Cloud Village,895,2759,2017-02-21 21:01:30,0
Kene_n02,"GOAL Chelsea 2-0 Crystal Palace (66 mins)

Kurt Zouma heads in a cross to double the hosts' advantage

#CHECRY",2020-10-03 13:06:31,['CHECRY'],Old Account got suspended|@ManUtdğŸ”´âš«|Good VibesğŸ’¯|Football & Life Enthusiast|Relatable Tweets (Some ain't mine)|Humanity is my religionâ¤,Nigeria,1451,30338,2020-03-31 19:17:36,220
Mareeyahh1,"Manchester United fans seeing Chelsea winning crystal palace ğŸ˜‚ğŸ˜‚
#CHECRY 

Chiwell | Havertz ZOUMA https://t.co/nVZYvsFDoX",2020-10-03 13:06:30,['CHECRY'],main acct @mareeyerhh restricted,Kaduna,9717,3610,2020-08-12 11:48:45,120
harisamjad_,"GOAL Chelsea 2-0 Crystal Palace (66 mins)

Kurt Zouma heads in a cross to double the hosts' advantage

#CHECRY",2020-10-03 13:06:30,['CHECRY'],Simple guy who loves playing fifa and love cars more than humans #ChelseaFC,"Islamabad, Pakistan",3659,56704,2013-09-08 11:36:31,220
Deeva4dlord,"Manchester United fans seeing Chelsea winning crystal palace ğŸ˜‚ğŸ˜‚
#CHECRY 

Chiwell | Havertz ZOUMA https://t.co/nVZYvsFDoX",2020-10-03 13:06:29,['CHECRY'],CEO/Founder HHWD(totally dedicated to putting a smile on orphan's faces) #TwitterRadio (TR) .DM for business & promo. Manchester United FanğŸ‡®ğŸ‡²,Lagos,78115,332638,2011-01-09 21:34:46,120
UtdBlancoo,Crystal Palace back to being Crystal Palace after that one good game a season against United ğŸ‘ğŸ»,2020-10-03 13:06:29,[],Manchester United â¤,,2734,10349,2017-12-30 11:54:06,108
TatafoGuy,"Chelsea fans, what XI do you want to see against Crystal Palace today? ğŸ¤”

#CHECRY",2020-10-03 13:06:28,['CHECRY'],Manchester United                                 EveryThing Facts and Review,Nigeria,367,2070,2016-12-16 23:51:17,51
VllLekma,"Goal - ZOUMA
Assist - CHILWELL

Chelsea 2-0 Crystal Palace (66 mins)

#FPL #CHECRY",2020-10-03 13:06:27,"['FPL', 'CHECRY']",Old Account Blocked @lekmaVll,,1096,15948,2020-04-01 07:15:31,253
_darniyel,@whoismorj because of one cross against Crystal Palace?,2020-10-03 13:06:26,[],"Don't bother scrolling through my media, my picture isn't there. don't check my likesğŸ˜","Port Harcourt, Nigeria",2611,26113,2013-07-25 22:52:44,0
masud_basheer,"Manchester United fans seeing Chelsea winning crystal palace ğŸ˜‚ğŸ˜‚
#CHECRY 

Chiwell | Havertz ZOUMA https://t.co/nVZYvsFDoX",2020-10-03 13:06:26,['CHECRY'],"At the end we all die,Slowly but certainlyğŸ˜© || ihustle 24/8 || phones ğŸ“² & Accessories || laptops ğŸ’» || Wristwatches || So help me AllahğŸ¤²ğŸ»",Somewhere i donâ€™t belong,9907,51649,2015-03-27 10:39:13,120
zouzdu94230,"Kai Havertz in the first half against Crystal Palace:

â—‰ 100% aerial duels won
â—‰ =Most chances created (2)
â—‰ =Most tackles (2)
â—‰ =Most clearances (2)

Doing it all for the Blues. https://t.co/pgC6o96sPr",2020-10-03 13:06:24,[],ğŸ‘»zouz94230ğŸ‘» #Mancunien #225,,855,223161,2012-08-10 11:03:41,1329
pelehudson,Standard Crystal Palace brilliant at united since then lost both games,2020-10-03 13:06:23,[],sponsored by the KLF justified and ancient,blackpool,64,7163,2011-06-02 20:32:44,0
lizweC,"Time Werner vs Crystal Palace, movement, speed and deadly finishing. https://t.co/jasf7ZwAf0",2020-10-03 13:06:20,[],@MicSetMatch host | My views,Harare,2672,64286,2010-11-20 07:29:43,43
CarefreeMazz,"Canâ€™t say United are near Chelseaâ€™s level just by the two performances against Palace. Palace went to old Trafford and attacked, at the bridge they have to low block park the bus. Clear levels.",2020-10-03 13:06:20,[],"London is blue, #KTBFFH","London, England",306,244,2020-07-08 09:58:38,0
akeula_trendy,"Chelsea defend I have on my FPL is sitting comfortably and breathing fine on the bench. 

Please Crystal palace score one goal and ruin their clean sheet. https://t.co/JBPwZe7ack",2020-10-03 13:06:20,[],CEO @AkeulaWears|Success Influencer|Business Coach|AFRICAN YOUTH EMPOWERMENTğŸ”—â€Letâ€™s talk SMEsâ€ğŸ“©pr@akeulatrendy.com.ng | https://t.co/jtIkyLSqzR,Africa,28204,310336,2012-09-05 10:07:01,8
OsaiworldEmpire,See the way this crystal palace boys are playing. If they were playing against @ManUtd now they will be playing as if they are @FCB,2020-10-03 13:06:19,[],"Destined to excel Jer 29:11   
Happily married with wonderful kids.
Proudly Yoruba. #MUFC",Google Earth,728,8062,2009-12-01 09:52:18,0
whilson_douglas,"GOAL Chelsea 2-0 Crystal Palace (66 mins)

Kurt Zouma heads in a cross to double the hosts' advantage

#CHECRY",2020-10-03 13:06:18,['CHECRY'],,EARTH,1065,32308,2017-06-29 17:33:12,220
JayHundo11,"Ben Chilwell against Crystal Palace today:

1 Goal
1 Assist 

Luke Shaw in the Premier League last season:

0 Goals
0 Assists 

#CHECRY",2020-10-03 13:06:18,[],,"England, United Kingdom",547,40657,2016-06-11 09:54:14,5
min_Arzul,"Today: Chelsea vs. Crystal Palace.

ğŸ‘‰ğŸ‘ˆ https://t.co/YosqMAWlAZ",2020-10-03 13:06:17,[],"LIONEL MESSIâ¤
Argentina ğŸ‡¦ğŸ‡·     #à¹€à¸”à¹‡à¸à¸›à¹‹à¸²à¹€à¸¡à¸ª #AdamDriver #ChrisBrown #ShiaLabeouf

' A long time ago in a galaxy far ,far away '",,35,19800,2014-01-16 12:42:24,5571
Sumo08112,"Palace got it spot on against Southampton, and against Manchester United. The Everton game wasn't a poor performance but this has been all wrong today.

Not because sitting deep and trying to frustrate Chelsea is a bad idea, but because doing it without any attacking threat is.",2020-10-03 13:06:16,[],Its fuck Roy till he plays Eze in CAM,,87,3164,2020-01-28 23:00:26,7
CxllumMoore,"Time Werner vs Crystal Palace, movement, speed and deadly finishing. https://t.co/jasf7ZwAf0",2020-10-03 13:06:14,[],The Arsenal.,,519,10577,2013-08-30 21:25:42,43
amirulhzm_,"Goal - ZOUMA
Assist - CHILWELL

Chelsea 2-0 Crystal Palace (66 mins)

#FPL #CHECRY",2020-10-03 13:06:10,"['FPL', 'CHECRY']","If you're out there somewhere, just know that we are breathing the same air, staring at the same moon",,163,96323,2016-02-08 07:36:36,253
1st_Chidi,"Today: Chelsea vs. Crystal Palace.

ğŸ‘‰ğŸ‘ˆ https://t.co/YosqMAWlAZ",2020-10-03 13:06:08,[],"Igbo/
MJ baby is your baby",higher heavens,1459,43204,2018-03-31 00:41:08,5571
BidhaekD,"Goal - ZOUMA
Assist - CHILWELL

Chelsea 2-0 Crystal Palace (66 mins)

#FPL #CHECRY",2020-10-03 13:06:08,"['FPL', 'CHECRY']","à¤­à¥‡à¤Ÿà¥à¤¨ à¤œà¤¤à¤¿ à¤¸à¤œà¤¿à¤²à¥‹ à¤¹à¥à¤¨à¥à¤› à¤›à¥à¤Ÿà¥à¤¨ à¤¤à¥à¤¯à¥‹ à¤­à¤¨à¥à¤¦à¤¾ à¤ªà¤¨à¤¿ à¤—à¤¾à¤¹à¥à¤°à¥‹ à¤¹à¥à¤¨à¥à¤›, à¤œà¤¸à¤²à¤¾à¤ˆ à¤œà¤¿à¤¨à¥à¤¦à¤—à¥€à¤®à¤¾ à¤ªà¤¾à¤‰à¤¨ à¤¸à¤•à¥à¤¦à¤¿à¤¨ à¤‰à¤¹à¥€à¤ à¤šà¤¾à¤¹à¤¿à¤ à¤•à¤¿à¤¨ à¤ªà¥à¤¯à¤¾à¤°à¥‹ à¤¹à¥à¤¨à¥à¤›? !!ğŸ˜« #à¤®à¤¾à¤¯à¤¾à¥¤",Nepal,115,1535,2019-10-13 03:04:01,253
itsm28,"Time Werner vs Crystal Palace, movement, speed and deadly finishing. https://t.co/jasf7ZwAf0",2020-10-03 13:06:08,[],hardcore bayern fan | David brooks stan account,SE28| cants. ,1259,45263,2015-10-05 21:21:15,43
laure4me,"@premierleague Chelseaâ€™s fans thoughğŸ¤¦â€â™€ï¸ with just one game against crystal palace, Chilwell has become the best in Epl...the new mendy is the best keeper in epl ğŸ˜ğŸ˜ğŸ˜ğŸ˜ğŸ˜ğŸ˜ğŸ˜„ğŸ˜„ğŸ˜„ğŸ˜„ğŸ˜„ğŸ˜„ as he played against the top 6 yet? Asking for a friend though",2020-10-03 13:06:07,[],"Am just a real girl who likes sincerity, honesty and love meeting new people.... football makes me happy and Liverpool is the teamğŸ’¯ğŸ’ƒğŸ’ƒğŸ’ƒ","Federal Capital Territory, Nig",233,2436,2010-12-29 22:23:16,0
YorubaBoy_,"Manchester United fans seeing Chelsea winning crystal palace ğŸ˜‚ğŸ˜‚
#CHECRY 

Chiwell | Havertz ZOUMA https://t.co/nVZYvsFDoX",2020-10-03 13:06:05,['CHECRY'],"iPromote, DM For Promotion || @ChelseaFC ğŸ´ó §ó ¢ó ¥ó ®ó §ó ¿",Everywhere,21221,31546,2015-08-20 16:30:30,120
LlnuxBot,"#CHECRY https://t.co/1UObzfo0P5 
Premier League
LIVE*
Chelsea vs Crystal Palace

#Chelsea
2
#Crystal Palace FC
0
Live - 72 

#bigdata
#AI #IoT #Tech #USA #Linux #UK #javaScript #FinTech #dataScience #dataScientist #WomwnWhoCode #Rstats #FemTech #100daysOfCode #FRENCHtech #France",2020-10-03 13:06:04,"['CHECRY', 'Chelsea', 'Crystal']","Linux Bot | I retweet Linux | Created by @techydox

https://t.co/DrRaUtSPGJ",Raspberry Pi,2947,401925,2019-11-02 20:25:26,28
success_skinny,"Kai Havertz in the first half against Crystal Palace:

â—‰ 100% aerial duels won
â—‰ =Most chances created (2)
â—‰ =Most tackles (2)
â—‰ =Most clearances (2)

Doing it all for the Blues. https://t.co/5w1WS98V7F",2020-10-03 13:06:03,[],||â€¢ Sarknative/Bhimnative/Fad Lan â€¢ ||Founder/CEO Success News || ChelseağŸ’™ğŸ’™ || DM for Ads & PR Only ||abasssayuti1@gmail.com || +233556769051/+233572856559 ||,"Lagos, Nigeria",4703,8143,2020-07-28 00:15:26,2
AlexM237,Chelsea vs Crystal Palace https://t.co/5N637nNoIA,2020-10-03 13:06:02,[],La democratie est un concept surcÃ´tÃ© ! #TrustTheProcess ğŸ‘» : alexdibril ğŸ“¸ : alex._dgn,camp nou,4211,310311,2012-02-04 21:29:50,0
RicardoJose23,"Today: Chelsea vs. Crystal Palace.

ğŸ‘‰ğŸ‘ˆ https://t.co/YosqMAWlAZ",2020-10-03 13:06:02,[],Check!..,Colombia,203,2097,2009-04-14 15:39:13,5571
ManavHarkerni,"GIVEAWAY: If Timo Werner scores and Chelsea win against Crystal Palace in the Premier League tomorrow.

I will give a lucky Chelsea fan ANYWHERE around the world the new 20/21 shirt. 

To enter:

â¡ï¸ Follow @WorldWideCheIs 
ğŸ”„ RT this tweet

Good luck all. Third time lucky!? #CFC https://t.co/mcxQfr7cPJ",2020-10-03 13:06:02,[],Are you one of /ab baat nahi hoti hai/ or /Usse aaj tak baat nahi hui/?,"Indore, India",45,301,2017-04-20 16:22:22,738
jameswillows,Chelsea making Palace look us.,2020-10-03 13:06:02,[],can't smile wide enough MUFC,,1226,3564,2013-08-04 05:35:08,0
Ulroud,"""I'd rather go to Crystal Palace""

Ousmane Dembele when asked about a potential transfer to Manchester United. https://t.co/hTUJHbVDW0",2020-10-03 13:06:01,[],Comps ğŸ‡³ğŸ‡´,Norge,3304,4668,2016-02-05 10:35:17,1
King_BascoTech,"Today: Chelsea vs. Crystal Palace.

ğŸ‘‰ğŸ‘ˆ https://t.co/YosqMAWlAZ",2020-10-03 13:05:58,[],"Futarian
Web Developer 
Wordpress Guru
Motion Graphic Designer
Graphic Designer
3D Modeling
Chelsea Fc Fan",King Basco Land.,378,516,2018-03-01 12:51:24,5571
rainirodney,"GOAL Chelsea 1-0 Crystal Palace (50 mins)

Ben Chilwell lashes the ball into the back of the net at the back post to give Chelsea the lead

#CHECRY",2020-10-03 13:05:57,[],,,351,598,2011-04-16 18:10:43,268
yusufdili_,"Goal - ZOUMA
Assist - CHILWELL

Chelsea 2-0 Crystal Palace (66 mins)

#FPL #CHECRY",2020-10-03 13:05:56,"['FPL', 'CHECRY']",I'm normal in the day but at night turn to a MONSTERğŸ¥´,"Abuja, Nigeria",912,78709,2014-09-26 12:52:16,253
marlon_obey,"Today: Chelsea vs. Crystal Palace.

ğŸ‘‰ğŸ‘ˆ https://t.co/YosqMAWlAZ",2020-10-03 13:05:55,[],"Real hustlers don't sleep, we take a nap",Pluto,372,107756,2012-08-01 23:17:28,5571
Bode_Bankz,"Havertz finds Werner in space on the left just inside the Palace box after a brilliant run, but the German's subsequent strike is straight at Guaita, who collects comfortably. 

ğŸ”µ 0-0 ğŸ¦… [20'] #CHECRY",2020-10-03 13:05:54,[],GenixautosğŸ”¥ğŸ”¥ğŸ”¥,"Lagos, Nigeria",1501,64272,2010-09-24 14:05:12,185
Susu_Omo,"Kai Havertz in the first half against Crystal Palace:

â—‰ 100% aerial duels won
â—‰ =Most chances created (2)
â—‰ =Most tackles (2)
â—‰ =Most clearances (2)

Doing it all for the Blues. https://t.co/pgC6o96sPr",2020-10-03 13:05:54,[],"Follower Of Christ,
Baker,
Cake Decorator,
Sugar Artist
..........
Want an awesome cake?
Call Susu (08081433900)","Lagos, Nigeria",2190,108743,2010-03-22 08:35:29,1329
SteveStevens47,"72: Second Palace sub. 

â¬…ï¸ McArthur 
â¡ï¸ Riedewald

ğŸ”µ 2-0 ğŸ¦… 

#CPFC | #CHECRY https://t.co/1xa91t6w8E",2020-10-03 13:05:53,"['CPFC', 'CHECRY']",I'm A Massive @F1+Football Supporter(@BristolCity+@LFC)+F1/Football News+Daily Polls/Horoscopes/Quotes/Facts #211 #JFT96 #YNWA - @SteveStevens55/50OtherAccounts,"ğŸ”´Bristol, EnglandğŸ”´",8488,1190145,2013-02-13 19:36:52,31
Daveyeshume,"Playing against palace u know they will make u work harder than any game u had  for any result u would get be it win or draw.
It doesn't matter how talented u are and I say this as a compliment and a testament to Roy Hodgson organization skills.
#CHECRY",2020-10-03 13:05:52,['CHECRY'],á‹¨á‰°á‰£á‰ áˆ¨á‰½ áŠ¢á‰µá‹®áŒµá‹«(A United Ethiopia)ğŸ‡ªğŸ‡¹/99.9%  tweets About Football /Football fanatic âš½ï¸/ Marcelo Bielsa Fan ClubğŸ™ˆ.,Ethiopia,211,2133,2018-03-03 12:06:10,0
LRamose16,"You mean to tell me that this Palace beat United convincingly?? Where is Zaha now?
#CHECRY",2020-10-03 13:05:52,['CHECRY'],Capricorn | âš½ï¸ is Life | Akzonobel | Tinting | African Child | ğŸ¶is Therapy  |,"Johannesburg, South Africa",84,919,2018-08-07 05:26:50,0
dandindandon,"GOAL Chelsea 2-0 Crystal Palace (66 mins)

Kurt Zouma heads in a cross to double the hosts' advantage

#CHECRY",2020-10-03 13:05:51,['CHECRY'],à¸„à¸¥à¸±à¹ˆà¸‡à¸£à¸±à¸à¸«à¸¡à¸²à¸›à¹ˆà¸²à¸„à¸±à¸š,ğŸ‡¹ğŸ‡­,23,853,2019-10-17 05:47:10,220
dailyvigour,"#CHECRY https://t.co/1UObzfo0P5 
Premier League
LIVE*
Chelsea vs Crystal Palace

#Chelsea
2
#Crystal Palace FC
0
Live - 72 

#bigdata
#AI #IoT #Tech #USA #Linux #UK #javaScript #FinTech #dataScience #dataScientist #WomwnWhoCode #Rstats #FemTech #100daysOfCode #FRENCHtech #France",2020-10-03 13:05:50,"['CHECRY', 'Chelsea', 'Crystal']","Hi, I'm a bot that retweets #dailyInspirations and #100DaysOfCode |
Follow me ğŸ˜‰ |
P.S. I was created by @victorkarangwa4 DM for removal of offensive content.",,325,108078,2020-08-31 15:26:56,28
dandindandon,"GOAL Chelsea 1-0 Crystal Palace (50 mins)

Ben Chilwell lashes the ball into the back of the net at the back post to give Chelsea the lead

#CHECRY",2020-10-03 13:05:49,[],à¸„à¸¥à¸±à¹ˆà¸‡à¸£à¸±à¸à¸«à¸¡à¸²à¸›à¹ˆà¸²à¸„à¸±à¸š,ğŸ‡¹ğŸ‡­,23,853,2019-10-17 05:47:10,268
afiqhizamiii,"Today: Chelsea vs. Crystal Palace.

ğŸ‘‰ğŸ‘ˆ https://t.co/YosqMAWlAZ",2020-10-03 13:05:48,[],-,,434,5774,2018-08-20 15:08:42,5571
DjemaK20,"Time Werner vs Crystal Palace, movement, speed and deadly finishing. https://t.co/jasf7ZwAf0",2020-10-03 13:05:48,[],23 |ğŸ‡¬ğŸ‡§ğŸ‡¨ğŸ‡©|University of the Arts Sculptor grad | MUFC & The Pats,"London, England",569,192528,2013-08-19 18:38:33,43
FazilRazak_9,Hey @ManUtd that's how you play against Palace at home. #CHECRY,2020-10-03 13:05:47,['CHECRY'],"Strongly opinionated Liberal. Chelsea FC, Politics, Cloud 9 and more.","Chennai,India",187,545,2012-02-27 17:08:03,0
TheTamosaEffect,"GOAL! Kurt Zouma scores from Ben Chilwell's cross!

Chelsea 2-0 Crystal Palace #CHECRY https://t.co/xLxRoQHfMn",2020-10-03 13:05:45,['CHECRY'],"ğ€ğ¯ğ¢ğ ğ‚ğ¡ğğ¥ğ¬ğğš ğ…ğšğ§ â€¢ M.Dâ˜¤â€¢ ğš‚ğšğš˜ğš’ğšŒ â€¢ Finally, Football is Sacrosanct â€¢",Saint Kitts and Nevis,713,25840,2019-01-15 15:44:39,66
ONealRdn_,Another defensive change from palace fuck me #CHECRY #CrystalPalace #Chelsea,2020-10-03 13:05:45,"['CHECRY', 'CrystalPalace', 'Chelsea']",ğŸ‡¿ğŸ‡¦ | An @OfficialFPL Gaffer | A Gooner (@Arsenal) | Un Parisien (@PSG_Inside) | A Buccaneer (@orlandopirates) | #ThunderUp | IG/Twitter: @skateshopsod,"Ekurhuleni, South Africa",351,36353,2019-10-03 22:22:53,1
SoUnbent,"Watch Chelsea vs Crystal Palace live streaming link 6

Follow @derrickdarius1 for more updates âœ…ğŸ’¯
#CHECRY #MUFC #Chelsea #EPL

https://t.co/XQzsgcZVSf",2020-10-03 13:05:44,"['CHECRY', 'MUFC']",Normal is boring. Who reads these anyway. â€¢Chelsea FCâ€¢ Stan. I feel better listening to J.cole,"Lagos, Nigeria",785,5718,2018-12-31 06:29:17,9
FinnWonderland,"Half-time: Chelsea 0-0 Crystal Palace

The hosts have dominated possession but are yet to find a way through.

Follow along for second-half updates ğŸ‘‡",2020-10-03 13:05:40,[],"Official Twitter account I'm Ã¡ril.. Even If Things are painful and tough, people should appreciate what it means to be Alive at All. #BeYourself",,2,380785,2017-07-14 06:12:32,46
yfn_remmy,"Kai Havertz in the first half against Crystal Palace:

â—‰ 100% aerial duels won
â—‰ =Most chances created (2)
â—‰ =Most tackles (2)
â—‰ =Most clearances (2)

Doing it all for the Blues. https://t.co/pgC6o96sPr",2020-10-03 13:05:40,[],SLATT!! ğŸ,"Ojo, Nigeria",155,35343,2019-10-08 14:31:33,1329
urbanpl4,"Goal - ZOUMA
Assist - CHILWELL

Chelsea 2-0 Crystal Palace (66 mins)

#FPL #CHECRY",2020-10-03 13:05:39,"['FPL', 'CHECRY']","Beginner in graphic design and Web design. 
Huge fan of #MUFC","MaÅ‚opolskie, Polska",229,26784,2013-11-05 16:27:10,253
MattWoosie,"Palace got it spot on against Southampton, and against Manchester United. The Everton game wasn't a poor performance but this has been all wrong today.

Not because sitting deep and trying to frustrate Chelsea is a bad idea, but because doing it without any attacking threat is.",2020-10-03 13:05:39,[],Crystal Palace reporter @TheAthleticUK. ex @FYPFanzine & @CourierKingston online editor. Passion for writing. #MentalHealth campaigner. mwoosnam@theathletic.com,,6320,65360,2010-07-05 15:25:27,7
TodoFut_bol,"GOAL Chelsea 1-0 Crystal Palace (50 mins)

Ben Chilwell lashes the ball into the back of the net at the back post to give Chelsea the lead

#CHECRY",2020-10-03 13:05:36,[],"Toda la actualidad y Ãºltima hora de este bonito sentimiento que nos une a muchos; el FÃšTBOL.

SÃ­guenos para estar al tanto de TODAS las Ligas

Viva el fÃºtbol!","Madrid, Comunidad de Madrid",3,35,2020-01-25 11:05:17,268
jay_dun_play,"Playing really well against a well drilled defensive Palace side that scored ManU without our best wingers (Pulisic, Ziyech) and these fans are moaning. Chelsea fans too fickle.",2020-10-03 13:05:36,[],Happiness â€¢ğŸ‡¬ğŸ‡­,United Kingdom,805,33132,2010-12-31 11:50:15,1
kwesiboakye__,@kwesiboakye__ Penalty for crystal palace soonğŸ¤«,2020-10-03 13:05:35,[],suave.,,269,5677,2020-04-19 20:49:59,1
AlkhazarLuay,"GOAL Chelsea 2-0 Crystal Palace (66 mins)

Kurt Zouma heads in a cross to double the hosts' advantage

#CHECRY",2020-10-03 13:05:34,['CHECRY'],,Iraq.Baghdad,483,46609,2018-07-23 19:29:10,220
AnimashaunOpe19,@CynthiaNomso02 Chelsea 2-0 Crystal palace https://t.co/X7OBwLkesu,2020-10-03 13:05:34,[],,,0,2,2020-09-26 16:48:06,1
chidambara09,"#CHECRY https://t.co/1UObzfo0P5 
Premier League
LIVE*
Chelsea vs Crystal Palace

#Chelsea
2
#Crystal Palace FC
0
Live - 72 

#bigdata
#AI #IoT #Tech #USA #Linux #UK #javaScript #FinTech #dataScience #dataScientist #WomwnWhoCode #Rstats #FemTech #100daysOfCode #FRENCHtech #France",2020-10-03 13:05:31,"['CHECRY', 'Chelsea', 'Crystal']",Be happy  Be healthy Be smile Be cool Be good human,Mysore  and  BERLIN,7608,1174722,2016-05-30 04:42:51,28
MaziIbe_,"Chelsea defend I have on my FPL is sitting comfortably and breathing fine on the bench. 

Please Crystal palace score one goal and ruin their clean sheet. https://t.co/JBPwZe7ack",2020-10-03 13:05:30,[],PR - Brand Manager - Ads and Promotions ğŸ“§ ipissmedia@gmail.com info@ipissmedia.com.ng,.... left side of sanity,294260,447426,2010-02-09 12:41:58,8
kekeli_jr,Is it this same Crystal Palace @ManUtd played? Anaa itâ€™s my eyes. United can a team foooo sometimes ooo. #CHECRY #Chelsea,2020-10-03 13:05:29,"['CHECRY', 'Chelsea']",|Humanity is all we got| |Fear is the god of the religious| |I'm a free thinker| |Africa is where my heart isğŸ–¤| |Phobia ğŸŒˆ| |Man UtdğŸ”´âšªâš«|,"Accra, Ghana",873,23100,2015-04-17 13:57:35,1
Abdelrahmanf_,"Iâ€™m so sick of watching Crystal Palace playing, Roy fucking hodgson isnâ€™t a big enough coach for a relegation battle â€œkarmaâ€. He should be relegated and never appear again in the premier league.",2020-10-03 13:05:29,[],Liverpool die hard fan. Music-maniac. #YNWA,"Guizah,Egypt",40,703,2014-01-26 09:32:35,0
isoquince,"Time Werner vs Crystal Palace, movement, speed and deadly finishing. https://t.co/jasf7ZwAf0",2020-10-03 13:05:27,[],@joaofelix70,,6367,90688,2016-12-10 21:34:15,43
NotyRowsha,"Goal - CHILWELL
Assist - none

Chelsea 1-0 Crystal Palace (50 mins)

#FPL #CHECRY",2020-10-03 13:05:25,"['FPL', 'CHECRY']",,,1876,143653,2013-01-10 17:37:02,191
Brayawnana,So this Crystal palace team score @ManUtd?,2020-10-03 13:05:24,[],Am a Christian who believe in God's Word.  Member of the church of #Pentecost.  Very passionate about my #job.  #Manchester United Supporter.,"Greater Accra, Ghana",541,9702,2015-05-24 16:52:02,0
Ferrano7,"Crystal Palace can forget this game

They have been poor.. Won't even see one point.",2020-10-03 13:05:24,[],Sin speaks a dead language that mean nothing to me. Grace holds me now. | Re-defining the rainbow.,"Lagos, Nigeria",721,32414,2012-09-09 12:35:23,1
AlexDeLlano,Told that Wilfried Zaha's chances of leaving Crystal Palace in this window are likely to rest on Man United or AtlÃ©tico Madrid pursuing their interest. United have 25% sell-on clause for Zaha while AtlÃ©tico move would be dependant on them selling Thomas Lemar,2020-10-03 13:05:22,[],"Periodista, 1994. Comentarista fÃºtbol en @DAZN_ES. Colaborador en Revista LÃ­bero, Play FÃºtbol (Cadena SER), Marcador (Radio MARCA) y La Grada. Against all odds.",Madrid,10740,78909,2010-05-02 23:19:50,127
LWUTD45,Crystal Palace back to being Crystal Palace after that one good game a season against United ğŸ‘ğŸ»,2020-10-03 13:05:18,[],Deya - @ManUtd â¤ï¸ #MUFC â¤ï¸,"Manchester, England",403,62055,2012-07-22 21:17:55,108
drNikhilYadav,boring lackluster game happening between Chelsea and Crystal Palace ğŸ˜´ğŸ˜´ #CHECRY,2020-10-03 13:05:18,['CHECRY'],ğŸŒ¶n,"Gurgaon, India",131,3068,2017-09-17 05:34:40,0
_igbinovia,"@Itz_Lizzy_MUFC @premierleague But as you can see from the Carabao game, we won comfortably against the same side we struggled to beat some days earlier because we are getting more match fit, and sharper.

I am sure if the Crystal Palace game had come at this time, we'd have beaten then, but that's by the way.",2020-10-03 13:05:17,[],Writer|| Photographer|| Activist|| Biochemist|| Reader|| I â¤ @DONJAZZY || @ManUtd enthusiast ğŸ”´||,,219,3025,2011-09-08 15:30:05,0
Fredapoku1,"Goal - ZOUMA
Assist - CHILWELL

Chelsea 2-0 Crystal Palace (66 mins)

#FPL #CHECRY",2020-10-03 13:05:17,"['FPL', 'CHECRY']",#UnitedFan #Phobia #GodFirst #Simple #PositiveVibesOnly #Love â¤ï¸â¤ï¸â¤ï¸â¤ï¸,Ivory Coast,920,55192,2018-04-12 02:00:38,253
yfn_remmy,"Crystal Palace have had 0 shots on target. 

Silva and Zouma is the way forward man.",2020-10-03 13:05:16,[],SLATT!! ğŸ,"Ojo, Nigeria",155,35343,2019-10-08 14:31:33,171
sylvkay111,"Kai Havertz in the first half against Crystal Palace:

â—‰ 100% aerial duels won
â—‰ =Most chances created (2)
â—‰ =Most tackles (2)
â—‰ =Most clearances (2)

Doing it all for the Blues. https://t.co/pgC6o96sPr",2020-10-03 13:05:16,[],Living vicariously through myself | Cisco Certified Network Associate | #WebDeveloper | #CyberSecurity SpecialistğŸ‘¨ğŸ½â€ğŸ’» | ğŸ‡³ğŸ‡¬ğŸ‡®ğŸ‡³,"Bengaluru, India",784,92653,2011-01-30 21:38:37,1329
TheBiigJay,"Really impressed at how many 'professional fouls' we've conceded in this game. Good teams find a way to not only score goals but break up potential danger before it develops. Palace haven't threatened much cos we break the play up before they get into their stride.

#CHECRY",2020-10-03 13:05:16,['CHECRY'],I use an Android phone and I don't drink coffee. Writer | Creator | Social Entrepreneur | Chelsea fan | Believer |,Namibia,1162,37515,2009-04-30 18:43:55,0
solo__HD,No be this same Crystal Palace wey put for Man U,2020-10-03 13:05:14,[],.50,Tema,572,14997,2010-04-25 01:31:16,0
BossCarriePicks,"Goal - ZOUMA
Assist - CHILWELL

Chelsea 2-0 Crystal Palace (66 mins)

#FPL #CHECRY",2020-10-03 13:05:13,"['FPL', 'CHECRY']",Adults Only 21+/#GamblingTwitter/@DKSportsbook/@FDSportsbook/@Twitch/#eSports/#UFCFightIsland,,409,8869,2016-01-19 21:58:32,253
UTD_Jason,Chelsea fans want Lampard gone even tho they're only losing to top teams. United fans want Ole to stay when he's lost to Palace and been dominated by Brighton... standards in the fucking bin.,2020-10-03 13:05:13,[],Backup: @UTD_JasonV2 #GlazersOut #WoodwardOut #depressionszn.,Spain (silent S),699,22585,2017-01-22 08:18:43,0
botnowa,"#CHECRY https://t.co/1UObzfo0P5 
Premier League
LIVE*
Chelsea vs Crystal Palace

#Chelsea
2
#Crystal Palace FC
0
Live - 72 

#bigdata
#AI #IoT #Tech #USA #Linux #UK #javaScript #FinTech #dataScience #dataScientist #WomwnWhoCode #Rstats #FemTech #100daysOfCode #FRENCHtech #France",2020-10-03 13:05:13,"['CHECRY', 'Chelsea', 'Crystal']","Bot. Retweet Bot!!!

I retweet messages with hashtags #ai #ml #datascience #python",Singapore,340,102567,2009-04-01 09:15:10,28
mraaronutd,Again: What the hell is Zaha still doing at Crystal Palace?? ğŸ˜… #CHECRY,2020-10-03 13:05:11,['CHECRY'],YouTuber | Presenter for @TFTMedia1 | ğŸ”´ğŸ¥âš½ï¸,"Manchester, England",7308,36597,2015-04-26 16:20:56,3
FinnWonderland,"Chelsea vs Crystal Palace is underway from Stamford Bridge.

Who comes out on top? ğŸ¤”",2020-10-03 13:05:11,[],"Official Twitter account I'm Ã¡ril.. Even If Things are painful and tough, people should appreciate what it means to be Alive at All. #BeYourself",,2,380785,2017-07-14 06:12:32,25
CokeboySnify,See if Zaha isnâ€™t scoring.. Crystal Palace should just keep this L,2020-10-03 13:05:10,[],Segun Fadeyi,,675,24143,2010-05-18 11:04:11,0
TheLoganBell,Crystal Palace back to being Crystal Palace after that one good game a season against United ğŸ‘ğŸ»,2020-10-03 13:05:10,[],,,35,6777,2017-02-21 10:03:16,108
Katakuri_93,"Kai Havertz in the first half against Crystal Palace:

â—‰ 100% aerial duels won
â—‰ =Most chances created (2)
â—‰ =Most tackles (2)
â—‰ =Most clearances (2)

Doing it all for the Blues. https://t.co/pgC6o96sPr",2020-10-03 13:05:10,[],Le lotus de Manchester sâ€™Ã©panouira de nouveau. #MUFC #TeamOL #ThunderUp,Konoha,380,14962,2019-06-19 19:45:02,1329
utc_1905,"I wonder who's angrier that we're winning:
Crystal Palace fans or the ""expert"" Chelsea twitter who bitch about this club every 5 seconds?
#CHECRY",2020-10-03 13:05:09,['CHECRY'],"#Carefree since May 17,1997.Born in #Colombia,raised in #NYC,but my real home is Stamford Bridge. #KTBFFH #CFCFamily #Queens #NYC","Queens, NYC",3891,4575,2011-02-23 21:37:19,0
oleku_one,"Kai Havertz in the first half against Crystal Palace:

â—‰ 100% aerial duels won
â—‰ =Most chances created (2)
â—‰ =Most tackles (2)
â—‰ =Most clearances (2)

Doing it all for the Blues. https://t.co/pgC6o96sPr",2020-10-03 13:05:08,[],ğŸ˜ˆğŸŒ´,"Accra, Ghana",2365,2495,2018-03-12 09:34:08,1329
MiideOba,No shot on target for Crystal Palace that means the Chelsea defense are working #CFC #CHECRY,2020-10-03 13:05:07,"['CFC', 'CHECRY']","MiideOba ğŸ’ª ğŸ‡³ğŸ‡¬
Sept_King ğŸ‘‘ 19/09
WhatsApp 08159760086",Somewhere in West Africa ,542,1438,2020-07-08 21:49:49,0
chidambara09,"#CHECRY https://t.co/1UObzfo0P5 
Premier League
LIVE*
Chelsea vs Crystal Palace

#Chelsea
2
#Crystal Palace FC
0
Live - 72 

#bigdata
#AI #IoT #Tech #USA #Linux #UK #javaScript #FinTech #dataScience #dataScientist #WomwnWhoCode #Rstats #FemTech #100daysOfCode #FRENCHtech #France",2020-10-03 13:05:07,"['CHECRY', 'Chelsea', 'Crystal', 'bigdata', 'AI', 'IoT', 'Tech', 'USA', 'Linux', 'UK', 'javaScript', 'FinTech', 'dataScience', 'dataScientist', 'WomwnWhoCode', 'Rstats', 'FemTech', '100daysOfCode', 'FRENCHtech', 'France']",Be happy  Be healthy Be smile Be cool Be good human,Mysore  and  BERLIN,7608,1174722,2016-05-30 04:42:51,28
AkuokoAbraham,"Kai Havertz in the first half against Crystal Palace:

â—‰ 100% aerial duels won
â—‰ =Most chances created (2)
â—‰ =Most tackles (2)
â—‰ =Most clearances (2)

Doing it all for the Blues. https://t.co/pgC6o96sPr",2020-10-03 13:05:07,[],I am unlimited to great the good in me ğŸ™		||The Blood of Jesus  ğŸ’“,Earth,1382,8707,2013-09-03 16:25:29,1329
TheTamosaEffect,"30 - Since the start of last season, Crystal Palace have failed to score in the first half in 30 different Premier League games - more than any other side in the division. Cautious. https://t.co/PgEAhpwuft",2020-10-03 13:05:07,[],"ğ€ğ¯ğ¢ğ ğ‚ğ¡ğğ¥ğ¬ğğš ğ…ğšğ§ â€¢ M.Dâ˜¤â€¢ ğš‚ğšğš˜ğš’ğšŒ â€¢ Finally, Football is Sacrosanct â€¢",Saint Kitts and Nevis,713,25840,2019-01-15 15:44:39,58
kwaboooo,@kwesiboakye__ Penalty for crystal palace soonğŸ¤«,2020-10-03 13:05:06,[],Your time go come just work hard and relaxâ€¼ï¸,"Accra, Ghana",181,281,2018-08-02 14:19:19,1
funkilla,How did the commentator on talk sport say crystal palace are in their tesco value bag kit... violation ğŸ’¯,2020-10-03 13:05:05,[],ğŸ‡§ğŸ‡©ğŸ´ó §ó ¢ó ¥ó ®ó §ó ¿ @LFC #YNWA #Football #Music #Boxing,#Birmingham #Bradford,350,10849,2009-05-14 01:09:38,0
Olatoy,"GOAL! Kurt Zouma scores from Ben Chilwell's cross!

Chelsea 2-0 Crystal Palace #CHECRY https://t.co/xLxRoQHfMn",2020-10-03 13:05:05,['CHECRY'],"God knows the best, follow your mind.. Computer scientist | director JMI foundation France/Nigeria | Chelsea fc | auto dealer | Motivator | blogger | footballer",Nigeria,1213,7659,2010-12-11 00:09:47,66
BossCarriePicks,"GOAL Chelsea 1-0 Crystal Palace (50 mins)

Ben Chilwell lashes the ball into the back of the net at the back post to give Chelsea the lead

#CHECRY",2020-10-03 13:05:05,[],Adults Only 21+/#GamblingTwitter/@DKSportsbook/@FDSportsbook/@Twitch/#eSports/#UFCFightIsland,,409,8869,2016-01-19 21:58:32,268
Toffeeplug,@CynthiaNomso02 Chelsea 2-0 Crystal palace https://t.co/X7OBwLkesu,2020-10-03 13:05:00,[],a little short of StephenKings,,53,1163,2019-09-03 20:58:00,1
EOkala,"But wait
Who is the real Crystal Palace in this game??",2020-10-03 13:05:00,[],"Public Health// Pharmacist//Hygiene promoter//Roman Catholic//Father//Husband//Pilgrim
//Man Utd
                    #VaccinesWork #GGMU #Gemini","Federal Capital Territory, Nig",4150,17123,2011-06-06 19:59:55,0
NotyRowsha,"Goal - ZOUMA
Assist - CHILWELL

Chelsea 2-0 Crystal Palace (66 mins)

#FPL #CHECRY",2020-10-03 13:04:59,"['FPL', 'CHECRY']",,,1876,143653,2013-01-10 17:37:02,253
LanceSherlock,"GOAL Chelsea 2-0 Crystal Palace (66 mins)

Kurt Zouma heads in a cross to double the hosts' advantage

#CHECRY",2020-10-03 13:04:59,['CHECRY'],ğŸ‡¿ğŸ‡¦,"Pretoria, South Africa",269,4599,2015-04-10 17:21:13,220
VRoonaldo,"Since beating United,  Crystal Palace have been garbage. Sick of these teams who cheat their Managers and supporters every year.",2020-10-03 13:04:58,[],Love taking about Sports and especially my beloved Manchester United.  For me the pride of England,UK,84,10420,2013-06-19 22:13:16,0
kwame_botwe,Only small teams lose to Crystal palaceğŸ˜‚ https://t.co/AoWXgx31IL,2020-10-03 13:04:55,[],"WHO AM I?
FIND OUT...ğŸ˜†ğŸ˜‚â™¥",MY HOSTEL AT THE MOMENT!,4298,19882,2017-09-12 21:36:25,0
cocorisky,"Crystal Palace have had 0 shots on target. 

Silva and Zouma is the way forward man.",2020-10-03 13:04:52,[],,,601,5236,2016-09-05 11:36:02,171
RainiBrian,Crystal palace had one damn Job!!!ğŸ¤¦ğŸ¤¦ğŸ¤¦ https://t.co/uKomXxR0ql,2020-10-03 13:04:52,[],"What do you think?!
why does everything have to be sexual though?! ğŸ˜‚ğŸ˜‚",,10593,26369,2017-05-24 11:53:36,0
